Symbol,Description,New Symbols
1A0,Katrina Group Ltd.,1A0.SI
1A1,Wong Fong Industries Limited,1A1.SI
1A4,Agv Group Limited,1A4.SI
1AZ,Audience,1AZ.SI
1B0,Mm2 Asia Ltd.,1B0.SI
1B1,Hc Surgical Specialistslimited,1B1.SI
1B6,Ocean Sky International Ltd,1B6.SI
1C0,Cedar Strategic Holdings Ltd,1C0.SI
1C5,Pacific Star Development Ltd,1C5.SI
1D0,Kimly Limited,1D0.SI
1D1,Unusual Limited,1D1.SI
1D3,Lifebrandz Ltd.,1D3.SI
1D4,Aoxin Q & M Dental Grp Limited,1D4.SI
1D5,Capital World Limited.,1D5.SI
1D8,Singapore O&g Ltd.,1D8.SI
1E3,Sanli Environmental Limited,1E3.SI
1F0,Shopper360 Limited,1F0.SI
1F1,Y Ventures Group Ltd.,1F1.SI
1F2,Union Gas Holdings Limited,1F2.SI
1F3,Aspen (group) Holdings Limited,1F3.SI
1G1,Re&s Holdings Limited,1G1.SI
1G6,No Signboard Holdings Ltd.,1G6.SI
1H2,Olive Tree Estates Limited,1H2.SI
1H3,Clearbridge Health Limited,1H3.SI
1H4,Memories Group Limited,1H4.SI
1H8,Ly Corporation Limited,1H8.SI
1J0,Slb Development Ltd.,1J0.SI
1J3,Asian Healthcare Specialists,1J3.SI
1J4,Jep Holdings Ltd.,1J4.SI
1J5,Hyphens Pharma Intl Limited,1J5.SI
1J7,Jawala Inc.,1J7.SI
1R6,Avi-tech Hldg,1R6.SI
1V3,Mooreast,1V3.SI
1Y1,Vikingoffshore,1Y1.SI
40B,Smj International Holdingsltd.,40B.SI
40D,Starburst Holdings Limited,40D.SI
40E,Spackman Entertainment Grp Ltd,40E.SI
40F,Alliance Mineral Assetslimited,40F.SI
40N,Versalink Holdings Limited,40N.SI
40T,Isec Healthcare Ltd.,40T.SI
40U,Ms Holdings Limited,40U.SI
40V,Singapore Edevelopment Ltd,40V.SI
40W,Zico Holdings Inc.,40W.SI
41B,Huationg Global Limited,41B.SI
41F,Gss Energy Limited,41F.SI
41H,Blackgold Natural Resourcesltd,41H.SI
41O,Lhn Limited,41O.SI
41T,Gccp Resources Limited,41T.SI
42C,Ix Biopharma Ltd.,42C.SI
42D,Nauticawt Limited,42D.SI
42E,Choo Chiang Holdings Ltd.,42E.SI
42F,Cmc Infocomm Limited,42F.SI
42L,Tlv Holdings Limited,42L.SI
42N,Ips Securex Holdings Limited,42N.SI
42R,Jumbo Group Limited,42R.SI
42S,Astaka Holdings Limited,42S.SI
42T,The Trendlines Group Ltd.,42T.SI
42U,Axcelasia Inc.,42U.SI
42W,China Star Food Group Limited,42W.SI
42Z,Eindec Corporation Limited,42Z.SI
43A,Gs Holdings Limited,43A.SI
43B,Secura Group Limited,43B.SI
43E,Anchor Resources Limited,43E.SI
43F,Acromec Limited,43F.SI
43P,United Global Limited,43P.SI
43Q,Advancer Global Limited,43Q.SI
49B,Amos Group,49B.SI
500,Tai Sin Electric Limited,500.SI
502,Hsr Global Limited,502.SI
504,Klw Holdings Ltd,504.SI
505,Asiamedic Limited,505.SI
508,Fuji Offset Plates Mfg Ltd,508.SI
510,Hiap Seng Engineering Ltd,510.SI
528,Second Chance Properties Ltd,528.SI
532,DISA,532.SI
533,Abr Holdings Limited,533.SI
540,Tung Lok Restaurants 2000 Ltd,540.SI
541,Craft Print International Ltd,541.SI
543,Noel Gifts International Ltd,543.SI
544,Cse Global Ltd,544.SI
546,Medtecs International Corp Ltd,546.SI
554,King Wan Corporation Limited,554.SI
558,Ums Holdings Limited,558.SI
564,Spindex Industries Limited,564.SI
566,See Hup Seng Limited,566.SI
567,Colex Holdings Limited,567.SI
569,Vicplas International Ltd,569.SI
570,Transit-mixed Concrete Ltd,570.SI
573,Challenger Technologies Ltd,573.SI
575,Asti Holdings Limited,575.SI
578,Ks Energy Limited,578.SI
579,Oceanus Group Limited,579.SI
580,Santak Holdings Limited,580.SI
581,Ite Electric Co Ltd,581.SI
583,Progen Holdings Ltd,583.SI
584,Oakwell Engineering Limited,584.SI
585,Asian Micro Holdings Ltd,585.SI
586,Tmc Education Corporation Ltd,586.SI
594,Loyz Energy Limited,594.SI
595,Van Der Horst Energy Limited,595.SI
596,Thai Village Holdings Ltd,596.SI
5AB,Trek 2000 Int'l Ltd,5AB.SI
5AE,Pollux Properties Ltd.,5AE.SI
5AI,Sunlight Group Hldg Ltd,5AI.SI
5AL,Annica Holdings Limited,5AL.SI
5AM,Asiatravel.com Holdings Ltd,5AM.SI
5AU,Ap Oil International Limited,5AU.SI
5BI,Carriernet Global Ltd,5BI.SI
5BS,Pne Micron Holdings Ltd,5BS.SI
5CF,Okp Holdings Limited,5CF.SI
5CP,Silverlake Axis Ltd,5CP.SI
5CR,Asiatic Group (holdings) Ltd,5CR.SI
5CT,Ecowise Holdings Limited,5CT.SI
5DD,Micro-mechanics (holdings) Ltd,5DD.SI
5DM,Ying Li Intl Real Estate Ltd,5DM.SI
5DN,Ezra Holdings Limited,5DN.SI
5DO,Sakae Holdings Ltd.,5DO.SI
5DP,Heeton Holdings Limited,5DP.SI
5DS,Megachem Limited,5DS.SI
5DX,Metal Component Engg Ltd,5DX.SI
5EB,Cfm Holdings Limited,5EB.SI
5EC,ISR Capital,5EC.SI
5EF,Adventus Holdings Limited,5EF.SI
5EG,New Lakeside Holdings Limited,5EG.SI
5EK,Armarda Group Limited,5EK.SI
5EL,Lasseters Intl Holdings Ltd,5EL.SI
5EN,Midas Hldgs Limited,5EN.SI
5EV,Hosen Group Ltd,5EV.SI
5EW,Pan Asian Holdings Limited,5EW.SI
5F4,Figtree Holdings Limited,5F4.SI
5F7,Hartawan Hldgs Ltd,5F7.SI
5FL,Falcon Energy Group Limited,5FL.SI
5FW,Linair Technologies Limited,5FW.SI
5FX,New Wave Holdings Ltd.,5FX.SI
5G1,Eurosports Global Limited,5G1.SI
5G2,Kimheng Offshore&marine Hldltd,5G2.SI
5G3,Talkmed Group Limited,5G3.SI
5G4,Infinio Group Limited,5G4.SI
5G9,Tritech Group Limited,5G9.SI
5GD,Sunpower Group Ltd.,5GD.SI
5GF,Nico Steel Holdings Limited,5GF.SI
5GI,Interra Resources Limited,5GI.SI
5GJ,Ausgroup Limited,5GJ.SI
5GZ,Aa Group Holdings Ltd.,5GZ.SI
5H0,Singhaiyi Group Ltd.,5H0.SI
5HC,Ntegrator International Ltd,5HC.SI
5HG,Oniontech Limited,5HG.SI
5HH,Hln Technologies Limited,5HH.SI
5HT,Communication Design Intl Ltd,5HT.SI
5HV,Metax Engineering Corp Limited,5HV.SI
5I0,Qt Vascular Ltd.,5I0.SI
5I1,Kop Limited,5I1.SI
5I4,Icp Ltd,5I4.SI
5IC,Sing Holdings Limited,5IC.SI
5IE,Lorenzo International Limited,5IE.SI
5IF,Natural Cool Holdings Limited,5IF.SI
5IG,Gallant Venture Ltd.,5IG.SI
5JK,Hiap Hoe Limited,5JK.SI
5JS,Indofood Agri Resources Ltd.,5JS.SI
5KI,Soup Restaurant Group Limited,5KI.SI
5LE,Sitra Holdings (intl) Limited,5LE.SI
5LY,Marco Polo Marine Ltd.,5LY.SI
5MD,Soon Lian Holdings Limited,5MD.SI
5ME,Ezion Holdings Limited,5ME.SI
5ML,Old Chang Kee Ltd.,5ML.SI
5MM,Sky One Holdings Limited,5MM.SI
5MQ,Epicentre Holdings Limited,5MQ.SI
5MZ,Kingsmen Creatives Ltd,5MZ.SI
5NF,Mencast Holdings Ltd.,5NF.SI
5NG,Healthway Medical Corp Ltd,5NG.SI
5NV,Chasen Holdings Limited,5NV.SI
5OC,Koyo International Limited,5OC.SI
5OI,Japan Foods Holding Ltd.,5OI.SI
5OQ,Teho International Inc Ltd.,5OQ.SI
5OR,Heatec Jietong Holdings Ltd.,5OR.SI
5OT,Singapore Medical Group Ltd,5OT.SI
5OU,China Environment Ltd.,5OU.SI
5OX,Mary Chia Holdings Limited,5OX.SI
5PC,Goodland Group Limited,5PC.SI
5PD,Hengyang Petrochem Log Limited,5PD.SI
5PF,Jason Marine Group Limited,5PF.SI
5PL,Sbi Offshore Limited,5PL.SI
5PO,Hiap Tong Corporation Ltd.,5PO.SI
5QR,Mann Seng Metal Intl Limited,5QR.SI
5QT,Charisma Energy,5QT.SI
5QY,Net Pacific Fin Hldgs Ltd,5QY.SI
5RA,Asia-pacific Strategic Inv Ltd,5RA.SI
5RC,Es Group (holdings) Limited,5RC.SI
5RE,Smartflex Holdings Ltd,5RE.SI
5RF,Friven & Co. Ltd.,5RF.SI
5SO,Duty Free Internationallimited,5SO.SI
5SR,Zhongmin Baihui Retail Grp Ltd,5SR.SI
5SY,Chew's Group Limited,5SY.SI
5TI,Kitchen Culture Holdings Ltd.,5TI.SI
5TJ,Far East Group Limited,5TJ.SI
5TN,Iev Holdings Limited,5TN.SI
5TP,Cnmc Goldmine Holdings Limited,5TP.SI
5TR,Libra Group Limited,5TR.SI
5TT,Keong Hong Holdings Limited,5TT.SI
5TW,Chaswood Resources Hldgs Ltd.,5TW.SI
5TY,Advanced Systems Automation,5TY.SI
5UA,Starland Holdings Limited,5UA.SI
5UF,Maxi-cash Fin Svcs Corp Ltd,5UF.SI
5UL,Atlantic Navigation Hldg(s)ltd,5UL.SI
5UN,Sincap Group Limited,5UN.SI
5UO,Sysma Holdings Limited,5UO.SI
5UX,Oxley Holdings Limited,5UX.SI
5VC,Kori Holdings Limited,5VC.SI
5VI,Logistics Holdings Limited,5VI.SI
5VJ,Halcyon Agri Corporation Ltd,5VJ.SI
5VP,Gds Global Limited,5VP.SI
5VS,Hafary Holdings Limited,5VS.SI
5WA,Intl Healthway Corp Limited,5WA.SI
5WE,Moya Holdings Asia Limited,5WE.SI
5WF,Isoteam Ltd.,5WF.SI
5WG,Singapore Kitchen Equipmentltd,5WG.SI
5WH,Rex International Holding Ltd,5WH.SI
5WJ,Moneymax Financial Servicesltd,5WJ.SI
5WV,Asiaphos Limited,5WV.SI
600,Hyflux Ltd,600.SI
8A1,Forise Int,8A1.SI
8AZ,Aztech Gbl,8AZ.SI
8K7,Ughealthcare,8K7.SI
8YY,Biolidics Limited,8YY.SI
9CI,Capitalandinvest,9CI.SI
A04,Asl Marine Holdings Ltd,A04.SI
A05,Avjennings Limited,A05.SI
A17U,Ascendas Real Estate Inv Trust,A17U.SI
A26,Sinarmas Land Limited,A26.SI
A30,Aspial Corporation Limited,A30.SI
A31,Addvalue Technologies Ltd,A31.SI
A33,Blumont Group Ltd.,A33.SI
A34,Amara Holdings Ltd,A34.SI
A35,Abf Spore Bond Index Fund Etf,A35.SI
A50,Rowsley Ltd.,A50.SI
A52,Annaik Limited,A52.SI
A55,Asia Enterprises Holding Ltd,A55.SI
A75,Ace Achieve Infocom Limited,A75.SI
A78,Liongold Corp Ltd,A78.SI
A7RU,Cityspring Infrastruct Trust,A7RU.SI
AAJ,Sunmoon Food Company Limited,AAJ.SI
ACV,Frasers Hospitality Trust,ACV
ADJ,Ols Enterprise Ltd.,ADJ
ADN,First Sponsor Group Limited,ADN
ADP,Swissco Holdings Limited,ADP
AFC,Yuuzoo Corporation,AFC.SI
AGS,The Hour Glass Limited,AGS
AIY,Ifast Corporation Ltd.,AIY.SI
AJ2,Ouhua Energy Holdings Limited,AJ2.SI
AJBU,Keppel Dc Reit,AJBU.SI
AOF,Amplefield Limited,AOF.SI
AP4,Riverstone Holdings Limited,AP4.SI
AU8U,Capitaretail China Trust,AU8U.SI
AUE,United Fiber System Limited,AUE.SI
AVM,Boustead Projects Limited,AVM
AVX,Hl Global Enterprises Limited,AVX.SI
AW9U,First Real Estate Inv Trust,AW9U.SI
AWC,Lindeteves-jacoberg Ltd,AWC
AWE,Sp Corporation Limited,AWE.SI
AWG,Aei Corporation Ltd,AWG.SI
AWI,Thakral Corporation Ltd,AWI
AWK,Fuxing China Group Limited,AWK
AWM,Shanghai Turbo Enterprises Ltd,AWM
AWS,Global Yellow Pages Limited,AWS
AWV,Captii Limited,AWV.SI
AWX,Aem Holdings Ltd,AWX
AWZ,Multi-chem Limited,AWZ.SI
AXB,Yongnam Holdings Limited,AXB.SI
AYD,Plastoform Holdings Limited,AYD
AYN,Global Testing Corporation Ltd,AYN.SI
AYV,Acma Ltd.,AYV.SI
AZA,Ipc Corporation Limited,AZA
AZG,8telecom Intl Holdings Co Ltd,AZG
AZR,United Food Holdings Limited,AZR
AZT,Lottvision Limited,AZT
B0Z,China Fishery Group Limited,B0Z.SI
B26,Ban Leong Technologies Limited,B26.SI
B28,Bonvests Holdings Ltd,B28.SI
B49,World Precision Machinery Ltd,B49.SI
B58,Banyan Tree Holdings Limited,B58.SI
B61,Bukit Sembawang Estates Ltd,B61.SI
B69,Broadway Industrial Group Ltd,B69.SI
B73,Global Investments Limited,B73.SI
B9S,Cosmosteel Holdings Limited,B9S.SI
BAC,Jacks International Limited,BAC
BAI,S I2i Limited,BAI.SI
BAZ,Lion Asiapac Ltd,BAZ.SI
BBP,Hor Kew Corporation Limited,BBP
BBW,Azeus Systems Holdings Ltd.,BBW
BCD,China Yuanbang Prop Hldgs Ltd,BCD
BCV,Qian Hu Corporation Limited,BCV
BCY,Powermatic Data Systems Ltd,BCY.SI
BCZ,Travelite Holdings Ltd.,BCZ
BDA,Pne Industries Ltd,BDA.SI
BDF,Excelpoint Technology Ltd,BDF
BDN,Ryobi Kiso Holdings Ltd.,BDN
BDR,Willas-array Elec (hldgs) Ltd,BDR
BDU,Federal Int(2000) Ltd,BDU.SI
BDX,Gsh Corporation Limited,BDX
BEC,Brc Asia Limited,BEC
BEH,China International Hldgs Ltd,BEH.SI
BEI,Lht Holdings Limited,BEI
BEV,Swing Media Technology Grp Ltd,BEV
BEW,Jb Foods Limited,BEW
BEZ,Beng Kuang Marine Limited,BEZ.SI
BFI,Tiong Seng Holdings Limited,BFI
BFK,Pharmesis International Ltd.,BFK
BFT,Fabchem China Limited,BFT.SI
BFU,Tye Soon Ltd,BFU.SI
BGK,Swiber Holdings Limited,BGK
BGO,Universal Resource & Svcs Ltd,BGO
BHD,China Mining International Ltd,BHD.SI
BHK,Siic Environment Holdings Ltd.,BHK
BHU,Sutl Enterprise Limited,BHU.SI
BIP,Vibrant Group Limited,BIP
BIX,Ellipsiz Ltd,BIX.SI
BJD,Vibropower Corporation Limited,BJD.SI
BJV,Yamada Green Resources Limited,BJV
BJW,Shinvest Holding Ltd.,BJW.SI
BJZ,Koda Ltd,BJZ
BKA,Sin Heng Heavy Machinery Ltd,BKA.SI
BKK,Luxking Group Holdings Limited,BKK.SI
BKV,Dukang Distillers Hldgs Ltd,BKV.SI
BKW,Datapulse Technology Limited,BKW.SI
BKX,Yongmao Holdings Limited,BKX.SI
BKZ,Suntar Eco-city Limited,BKZ.SI
BLA,Union Steel Holdings Limited,BLA.SI
BLH,Hai Leck Holdings Limited,BLH
BLR,Darco Water Technologies Ltd,BLR
BLS,Hotung Investment Hldgs Ltd,BLS
BLU,Grp Ltd,BLU
BLW,Global Palm Resources Hlgs Ltd,BLW
BLZ,Advanced Holdings Ltd.,BLZ
BMGU,Bhg Retail Reit,BMGU.SI
BMT,New Silkroutes Group Limited,BMT
BN2,Valuetronics Holdings Limited,BN2.SI
BN4,Keppel Corporation Limited,BN4.SI
BNE,Kencana Agri Limited,BNE
BOU,Informatics Education Ltd.,BOU
BPF,Yhi International Limited,BPF.SI
BQC,Xpress Holdings Ltd,BQC.SI
BQD,Envictus International Hldgltd,BQD.SI
BQF,Xmh Holdings Ltd.,BQF.SI
BQM,Tiong Woon Corp Holding Ltd,BQM.SI
BQN,Bh Global Corporation Limited,BQN.SI
BQP,Southern Packaging Group Ltd,BQP
BRD,Sapphire Corporation Limited,BRD
BRS,Usp Group Limited,BRS.SI
BS6,Yangzijiang Shipbldg Hldgs Ltd,BS6.SI
BSL,Raffles Medical Group Ltd,BSL
BTE,Bund Center Investment Ltd,BTE.SI
BTF,Debao Property Development Ltd,BTF
BTG,Hg Metal Manufacturing Ltd,BTG
BTJ,A-sonic Aerospace Limited,BTJ.SI
BTM,Penguin International Limited,BTM.SI
BTOU,Manulife Us Reit,BTOU.SI
BTP,Baker Technology Limited,BTP
BTX,Anchun International Hldgs Ltd,BTX
BTY,Full Apex (holdings) Limited,BTY.SI
BUOU,Frasers Logistics & Ind Trust,BUOU.SI
BVA,Top Glove Corporation Bhd,BVA.SI
BVP,Aims Property Securities Fund,BVP.SI
BVQ,Procurri Corporation Limited,BVQ.SI
BWCU,Ec World Reit,BWCU.SI
BWM,China Jinjiang Env Hldg Co Ltd,BWM.SI
BXE,Cdw Holding Limited,BXE.SI
BYI,Phillip Sgx Apac Div Reit Etf,BYI.SI
BYJ,Phillip Sgx Apacdiv Reit Etfs$,BYJ.SI
C04,Casa Holdings Limited,C04.SI
C05,Chemical Industries (f.e.) Ltd,C05.SI
C06,Csc Holdings Ltd,C06.SI
C07,Jardine Cycle & Carriage Ltd,C07.SI
C09,City Developments Limited,C09.SI
C13,Ch Offshore Ltd,C13.SI
c29,Chip Eng Seng Corporation Ltd,c29.SI
C2PU,Parkwaylife Reit,C2PU.SI
C33,Chuan Hup Holdings Limited,C33.SI
C38U,Capitamall Trust,C38U.SI
C41,Cortina Holdings Limited,C41.SI
C52,Comfortdelgro Corporation Ltd,C52.SI
C6L,Singapore Airlines Ltd,C6L.SI
C70,City Developments Ltd Nccps,C70.SI
C76,Creative Technology Ltd,C76.SI
C8R,Jiutian Chemical Group Limited,C8R.SI
C92,China Haida Ltd.,C92.SI
C9Q,Sinostar Pec Holdings Limited,C9Q.SI
CC3,Starhub Ltd,CC3.SI
CEDU,Dasin Retail Trust,CEDU.SI
CFA,Nikkoam-stc Asia_xj Reit Etf,CFA
CGN,Best World International Ltd,CGN
CGP,Noble Group Limited,CGP
CHJ,Uni-asia Group Limited,CHJ.SI
CHZ,Hrnetgroup Limited,CHZ
CIN,Courage Marine Group Limited,CIN
CJLU,Netlink Nbn Trust,CJLU.SI
CJN,British & Malayan Hldg Limited,CJN
CLN,Apac Realty Limited,CLN
CLR,Lion-phillip S-reit Etf,CLR
CMOU,Keppel-kbs Us Reit,CMOU.SI
CNE,Mindchamps Preschool Limited,CNE.SI
COI,Nikkoam-stc Asia_xj Reit Us$,COI.SI
CRPU,Sasseur Reit,CRPU.SI
CTO,Hong Lai Huat Group Limited,CTO
CWBU,Cromwell Reit Eur,CWBU.SI
CY6U,Ascendas India Trust,CY6U.SI
CYB,Icbc Csop Cgb Etf Us$d,CYB
CYC,Icbc Csop Cgb Etf S$,CYC
CYW,Tricklestar,CYW.SI
D01,Dairy Farm Int'l Holdings Ltd,D01.SI
D03,Del Monte Pacific Limited,D03.SI
D05,Dbs Group Holdings Ltd,D05.SI
D07,Spdr Djia Etf Trust,D07.SI
D11,Design Studio Furniture Mfrltd,D11.SI
D5IU,Lippo Malls Indo Retail Trust,D5IU.SI
D8DU,First Ship Lease Trust,D8DU.SI
DCRU,Digicore Reit Usd,DCRU.SI
DGRW,Dlc Sg5xlong Sgx,DGRW
DHLU,Daiwa Hse Log Tr,DHLU.SI
DM0,Psc Corporation Ltd,DM0.SI
DPWW,Dlc Socgen5xlong Aia,DPWW
DRX,St Group Food,DRX
DU4,Mermaid Maritime Public Co Ltd,DU4.SI
DWAW,Dlc Sg5xshort Cspc,DWAW
E27,Eucon Holding Limited,E27.SI
E28,Frencken Group Limited,E28.SI
E3B,Wee Hur Holdings Ltd.,E3B.SI
E5H,Golden Agri-resources Ltd,E5H.SI
E6R,Samko Timber Limited,E6R.SI
E8Z,Roxy-pacific Holdings Limited,E8Z.SI
E9L,Joyas International Hldgs Ltd,E9L.SI
EB5,First Resources Limited,EB5.SI
EB7,Ktl Global Limited,EB7.SI
EG0,Jes International Holdings Ltd,EG0.SI
EH5,United Overseas Australia Ltd,EH5.SI
EHG,Econ Healthcare,EHG
ER0,Ksh Holdings Limited,ER0.SI
ES3,Sti Etf,ES3.SI
EVD,Nikkoam-stc Cn Ev Us$,EVD
EVS,Nikkoam-stc Cn Ev S$,EVS.SI
F03,Food Empire Holdings Limited,F03.SI
F10,F J Benjamin Holdings Ltd,F10.SI
F13,Fu Yu Corporation Ltd,F13.SI
F17,Guocoland Limited,F17.SI
F1E,Low Keng Huat (singapore) Ltd,F1E.SI
F34,Wilmar International Limited,F34.SI
F83,Cosco Corporation (s) Ltd,F83.SI
F86,Cougar Logistics Corpn Ltd,F86.SI
F99,Fraser And Neave Limited,F99.SI
F9D,Boustead Singapore Limited,F9D.SI
FQ7,Jasper Investments Limited,FQ7.SI
FRQ,Sing Paincare,FRQ.SI
G07,Great Eastern Hldgs Ltd,G07.SI
G0I,Nam Lee Pressed Metal Inds Ltd,G0I.SI
G11,Global Tech (hldgs) Limited,G11.SI
G13,Genting Singapore Plc,G13.SI
G1N,Lyxor Etf Msci India 10,G1N.SI
G20,Gp Industries Limited,G20.SI
G3B,Dbs Singapore Sti Etf,G3B.SI
G41,G. K. Goh Holdings Limited,G41.SI
G50,Grand Banks Yachts Limited,G50.SI
G92,China Aviation Oil(s) Corp Ltd,G92.SI
GRE,Uob Ap Grn Reit Us$,GRE
GRN,Uob Ap Grn Reit S$,GRN
GRQ,Don Agro,GRQ.SI
GSD,Gld Sg$,GSD
GU5,China Kunda Tech Holdings Ltd,GU5.SI
H02,Haw Par Corp Ltd,H02.SI
H07,Stamford Land Corporation Ltd,H07.SI
H12,Hotel Royal Ltd,H12.SI
H13,Ho Bee Investment Limited,H13.SI
H15,Hotel Properties Ltd,H15.SI
H18,Hotel Grand Central Ltd,H18.SI
H19,Hwa Hong Corporation Limited,H19.SI
H1N,Lyxor Etf Msci Emerging Mkt 10,H1N.SI
H20,Hoe Leong Corporation Ltd.,H20.SI
H22,Hong Leong Asia Ltd.,H22.SI
H30,Hong Fok Corporation Ltd,H30.SI
H78,Hongkong Land Holdings Limited,H78.SI
HD9,Dbxt Ftse Vietnam Etf 10,HD9.SI
HKB,Amtd Ib Ov,HKB
HMN,Ascott Trust,HMN
HST,Lion-ocbc Sec Hstech S$,HST
i06,Intraco Limited,i06.SI
i07,Isdn Holdings Limited,i07.SI
i11,Ipco Int'l Limited,i11.SI
i15,Isetan (singapore) Ltd,i15.SI
i49,Ifs Capital Limited,i49.SI
I98,Is Msci India 100,I98.SI
IW5,Seroja Investments Limited,IW5.SI
IX2,Pec Ltd.,IX2.SI
J03,Jadason Enterprises Ltd,J03.SI
J17,Jackspeed Corporation Limited,J17.SI
J2T,Hock Lian Seng Holdings Ltd,J2T.SI
J36,Jardine Matheson Hldgs Ltd,J36.SI
J69U,Frasers Centrepoint Trust,J69U.SI
J85,Cdl Hospitality Trusts,J85.SI
J91U,Cambridge Industrial Trust,J91U.SI
JK8,United Sse 50 China Etf,JK8.SI
JLB,Grand Venture Technology Ltd,JLB.SI
JYEU,Lendlease Reit,JYEU.SI
K03,Khong Guan Flour Milling Ltd,K03.SI
K1Q,Ttj Holdings Limited,K1Q.SI
K29,Karin Technology Hldgs Limited,K29.SI
K2LU,Cache Logistics Trust,K2LU.SI
K3CD,China Eastern Air Adr 10,K3CD.SI
K3DD,Sinopec Petrochemical Adr 10,K3DD.SI
K3FD,Huaneng Power Intl Adr 10,K3FD.SI
K3HD,Aluminum Corp Of China Adr 10,K3HD.SI
K3MD,Netease.com Adr 10,K3MD.SI
K3OD,Petrochina Adr 10,K3OD.SI
K3RD,Ctrip.com International Adr 10,K3RD.SI
K3SD,Baidu.com Adr 10,K3SD.SI
K3TD,China Southern Air Adr 10,K3TD.SI
K6S,Prudential Plc,K6S.SI
K71U,K-reit Asia,K71U.SI
K75,Koh Brothers Group Limited,K75.SI
KI3,Hu An Cable Holdings Ltd.,KI3.SI
KJ5,Bbr Holdings (s) Ltd,KJ5.SI
KJ7,Dbxt Msci Indonesia Etf 10,KJ7.SI
KUH,Tsh Corporation Ltd,KUH
KUO,International Cement Groupltd.,KUO.SI
KUX,Dlf Holdings Limited,KUX.SI
KV4,Dbxt Iboxx Singapore Etf 5,KV4.SI
L02,Manhattan Resources Limited,L02.SI
L03,Lian Beng Group Ltd,L03.SI
L09,Lung Kee (bermuda) Hldgs Ltd,L09.SI
L19,Lum Chang Holdings Limited,L19.SI
L23,Enviro-hub Holdings Ltd,L23.SI
L38,L.c.development Ltd,L38.SI
L5I,Abterra Ltd,L5I.SI
LG9,Dbxt Msci China Trn Etf 10,LG9.SI
LIW,Eagle Hospitality Trust,LIW
LJ3,Overseas Union Enterprise Ltd,LJ3.SI
LS9,Leader Environmental Tech Ltd,LS9.SI
LSS,Phil Long Simsci2x S$,LSS
LUY,Raffles Infrastructurehldgsltd,LUY
M01,Metro Holdings Limited,M01.SI
M03,Miyoshi Precision Limited,M03.SI
M04,Mandarin Oriental Intl Ltd,M04.SI
M05,Mtq Corporation Limited,M05.SI
M11,Mfg Integration Technology Ltd,M11.SI
M14,Innotek Limited,M14.SI
M15,Matex International Limited,M15.SI
M1GU,Sabana Shari'ah Compliant Reit,M1GU.SI
M1Z,Tee International Limited,M1Z.SI
M44U,Mapletree Logistics Trust,M44U.SI
M62,Cimb Ftse Asean40 100,M62.SI
MBH,Nikkoam Sgd Ig Corp Bond Etf,MBH.SI
ME8U,Mapletree Industrial Trust,ME8U.SI
MF6,Mun Siong Engineering Limited,MF6.SI
MIJ,Alliance Healthcare Group Ltd,MIJ
MMS,Phillip Mm S$,MMS
MMT,Phillip Mm Us$d,MMT
MR7,Nordic Group Limited,MR7.SI
MT1,Dragon Group Intl Limited,MT1.SI
MV4,Mewah International Inc.,MV4.SI
MXNU,Elitecomreit Gbp,MXNU.SI
MZH,Nanofilm,MZH.SI
N01,Neratelecommunications Ltd,N01.SI
N02,Nsl Ltd.,N02.SI
N08,New Toyo Int Hldgs Ltd,N08.SI
N0Z,Combine Will Intl Hldgs Ltd,N0Z.SI
N2H,Hyflux 6% Cum Pref Class A 10,N2H.SI
N2IU,Mapletree Commercial Trust,N2IU.SI
N32,Nippecraft Limited,N32.SI
N33,Nomura Holdings Inc,N33.SI
N4E,Nam Cheong Limited,N4E.SI
N5YD,Mufj Financial Adr 10,N5YD.SI
N6DD,Mizuho Financial Adr 10,N6DD.SI
N6M,Ishares Usd Asia Bond Etf,N6M.SI
NC2,Sri Trang Agro-industry Pcl,NC2.SI
NEX,Reclaims Global Limited,NEX
NHD,Jubilee,NHD.SI
NO4,Dyna-mac Holdings Ltd.,NO4.SI
NPW,Malaysia Smelting Corp Bhd,NPW.SI
NR7,Raffles Education Corp Ltd,NR7.SI
NS8U,Hutchison Port Holdings Trust,NS8U.SI
NTU,Novotellusspac U,NTU
O08,Ossia International Ltd,O08.SI
O10,Orchard Parade Holdings Ltd,O10.SI
O32,Olam International Limited,O32.SI
O39,Oversea-chinese Banking Corp,O39.SI
O5RU,Aims Amp Cap Industrial Reit,O5RU.SI
O87,Spdr Gold Shares,O87.SI
O9A,Dbxt Msci Singapore Im Etf 10,O9A.SI
O9E,Parkson Retail Asia Limited,O9E.SI
O9P,Ishares Usd Asia Hy Bond Etf,O9P.SI
OAJ,Fortress Minerals Limited,OAJ.SI
ODBU,Utdhampshreitusd,ODBU.SI
OMK,Vividthree Holdings Ltd.,OMK.SI
OTS,Ots Holdings,OTS
OTX,Medinex Limited,OTX
OU8,Centurion Corporation Limited,OU8.SI
OV8,Sheng Siong Group Ltd,OV8.SI
OVQ,Phillip Sing Income Etf,OVQ.SI
OXMU,Prime Us Reitusd,OXMU.SI
OYY,Propnex Limited,OYY.SI
P11,Pacific Andes Resources Devltd,P11.SI
P15,Pacific Century Regional Devts,P15.SI
P34,Petra Foods Limited,P34.SI
P36,Pan Hong Property Group Ltd,P36.SI
P40U,Starhill Global Reit,P40U.SI
P52,Pan-united Corporation Ltd,P52.SI
P58,Lyxor China H 10,P58.SI
P5P,Cimb S&p Asia Pacific Dividend,P5P.SI
P60,Lyxor Asia 10,P60.SI
P74,China Kangda Food Company Ltd,P74.SI
P7VU,Hutchison Port Hldgs Trust S$,P7VU.SI
P8A,Cordlife Group Limited,P8A.SI
P8Z,Bumitama Agri Ltd.,P8Z.SI
P9D,Civmec Limited,P9D.SI
PA3,Ta Corporation Ltd,PA3.SI
PGU,Pegasus Spac U,PGU.SI
PH0,Hatten Land,PH0.SI
PRH,Citicode Ltd,PRH.SI
PU6D,Hsbc Adr 10,PU6D.SI
Q01,Qaf Ltd,Q01.SI
Q0F,Ihh Healthcare Berhad,Q0F.SI
Q0X,Ultro Technologies Limited,Q0X.SI
Q5T,Far East Hospitality Trust,Q5T.SI
QC7,Q & M Dental Group (s) Limited,QC7.SI
QES,Chinasunsine,QES.SI
QK9,Is Msci India 100 S$,QK9.SI
QL2,Ishares Usd Asia Bond Etf S$,QL2.SI
QL3,Ishares Usd Asia Hy Bond Etfs$,QL3.SI
QNS,Southernalliance,QNS.SI
QR9,Cimb S&p Asia Pac Dividend S$,QR9.SI
QS0,Cimb Ft Asean 40 100 S$,QS0.SI
QS9,Radiance Group Limited,QS9.SI
QSD,Resources Gbl,QSD.SI
QZG,Accrelist Ltd,QZG.SI
R14,Ramba Energy Limited,R14.SI
RC5,Triyards Holdings Limited,RC5.SI
RCU,Revez,RCU.SI
RDR,Incredible,RDR.SI
RE4,Geo Energy Resources Limited,RE4.SI
RQ1,Overseas Education Limited,RQ1.SI
RS1,China Environmental Res Gp Ltd,RS1.SI
RW0U,Mapletree Greater Chinacomm Tr,RW0U.SI
S07,Shangri-la Asia Limited,S07.SI
S08,Singapore Post Limited,S08.SI
S19,Singapore Shipping Corp Ltd,S19.SI
S20,Straits Trading Co. Ltd,S20.SI
S23,Singapura Finance Ltd,S23.SI
S27,Spdr S&p 500 Etf Trust,S27.SI
S29,Stamford Tyres Corporationltd,S29.SI
S35,Sing Investments & Finance Ltd,S35.SI
S3N,Okh Global Ltd.,S3N.SI
S41,Hong Leong Finance Limited,S41.SI
S44,Engro Corporation Limited,S44.SI
S45U,Singapore Index Fund,S45U.SI
S51,Sembcorp Marine Ltd,S51.SI
S56,Samudera Shipping Line Ltd,S56.SI
S58,Sats Ltd.,S58.SI
S59,Sia Engineering Co Ltd,S59.SI
S61,Sbs Transit Ltd,S61.SI
S63,Singapore Tech Engineering Ltd,S63.SI
S68,Singapore Exchange Limited,S68.SI
S69,Serial System Ltd,S69.SI
S71,Sunright Ltd,S71.SI
S7OU,Asian Pay Television Trust,S7OU.SI
S7P,Soilbuild Construction Grp Ltd,S7P.SI
S85,Straco Corporation Limited,S85.SI
S9B,Tee Land Limited,S9B.SI
SES,Cph Ltd.,SES
SJY,Megroup Ltd.,SJY
SK6U,Sph Reit,SK6U.SI
SRT,Csop Iedge Sreit Etf S$,SRT
SSS,Phil Short Simsci-1x S$,SSS.SI
SSU,Phil Short Simsci-1x Us$,SSU
STG,Sri Trang Gloves,STG
STP,Silkroad Nickel Ltd.,STP
SYM,Memiontec,SYM
T09,Tt International Limited,T09.SI
T12,Tat Seng Packaging Group Ltd,T12.SI
T13,Rh Petrogas Limited,T13.SI
T14,Tianjin Zhong Xin Pharm Group,T14.SI
T15,Tan Chong Int'l Ltd,T15.SI
T24,Tuan Sing Holdings Limited,T24.SI
T39,Singapore Press Hldgs Ltd,T39.SI
T41,Telechoice International Ltd,T41.SI
T43,Techcomp (holdings) Limited,T43.SI
T4B,Sino Grandness Food Ind Gp Ltd,T4B.SI
T55,Transpac Industrial Hldgs Ltd,T55.SI
T6I,Valuemax Group Limited,T6I.SI
T82U,Suntec Real Estate Inv Trust,T82U.SI
T8V,Pacific Radiance Ltd.,T8V.SI
TCU,Creditbureauasia,TCU.SI
THVW,Alibaba Mb Ecw220404,THVW
TID,Xt Mschina S$,TID.SI
TQ5,Frasers Centrepoint Limited,TQ5.SI
TS0U,Oue Commercial Reit,TS0U.SI
TVV,Artivision,TVV.SI
U06,United Industrial Corp Ltd,U06.SI
U09,Upp Holdings Limited,U09.SI
U10,Uob-kay Hian Holdings Limited,U10.SI
U11,United Overseas Bank Ltd,U11.SI
U13,United Overseas Insurance Ltd,U13.SI
U14,Uol Group Limited,U14.SI
U77,Sarin Technologies Ltd,U77.SI
U96,Sembcorp Industries Ltd,U96.SI
U9E,Hankore Environment Tec Grpltd,U9E.SI
UD1U,Ireit Global,UD1U.SI
UD2,Japfa Ltd.,UD2.SI
URR,Sim Leisure Group Ltd.,URR
UV1,Hisaka Holdings Ltd.,UV1.SI
V03,Venture Corporation Limited,V03.SI
V2Y,Synagie Corporation Ltd.,V2Y.SI
V3M,Metech International Ltd,V3M.SI
VFP,China Medical (intl) Gp Ltd,VFP.SI
VI2,Tc Auto,VI2.SI
VL6,Koufu Group Limited,VL6.SI
VTA,Vertex Spac U,VTA.SI
VVL,Alphadx,VVL.SI
W05,Wing Tai Hldgs Ltd,W05.SI
WJP,Vicom Ltd,WJP.SI
WPC,Vallianz Holdings Ltd,WPC
XCF,Ktmg Limited,XCF
XJB,Ghy Culture,XJB.SI
XVG,$ Aedge Group,XVG.SI
XZL,Ara Us Hospitality Trust,XZL
Y03,Yeo Hiap Seng Ltd,Y03.SI
Y06,Youcan Foods International Ltd,Y06.SI
Y35,Sun East Group Limited,Y35.SI
Y3D,Mdr Limited,Y3D.SI
Y45,Singapore Windsor Holdings Ltd,Y45.SI
Y8E,Samurai 2k,Y8E.SI
Y92,Thai Beverage Public Co Ltd,Y92.SI
YYB,Arion Entertainment Spore Ltd,YYB
YYN,Platocapital,YYN.SI
YYR,Lion-ospl China L Cny,YYR.SI
YYY,Lion-ospl China L S$,YYY
Z25,Yanlord Land Group Limited,Z25.SI
Z59,Yoma Strategic Holdings Ltd,Z59.SI
Z74,Singtel,Z74.SI
Z77,Singtel 10,Z77.SI
ZHS,Nikkoam-icbcsg Cnb S$,ZHS.SI
ZHY,Nikkoam-icbcsg Cnb Cny,ZHY.SI
ZXY,Alpina Holdings,ZXY.SI
