Symbol	Description
1A0	Katrina Group Ltd.
1A1	Wong Fong Industries Limited
1A4	Agv Group Limited
1AZ	Audience
1B0	Mm2 Asia Ltd.
1B1	Hc Surgical Specialistslimited
1B6	Ocean Sky International Ltd
1C0	Cedar Strategic Holdings Ltd
1C5	Pacific Star Development Ltd
1D0	Kimly Limited
1D1	Unusual Limited
1D3	Lifebrandz Ltd.
1D4	Aoxin Q & M Dental Grp Limited
1D5	Capital World Limited.
1D8	Singapore O&g Ltd.
1E3	Sanli Environmental Limited
1F0	Shopper360 Limited
1F1	Y Ventures Group Ltd.
1F2	Union Gas Holdings Limited
1F3	Aspen (group) Holdings Limited
1G1	Re&s Holdings Limited
1G5W	Cwx Global Limited W221213
1G6	No Signboard Holdings Ltd.
1G7W	Amplefield Limited W221218
1H2	Olive Tree Estates Limited
1H3	Clearbridge Health Limited
1H4	Memories Group Limited
1H7W	Asia-pacific Strategic W230130
1H8	Ly Corporation Limited
1J0	Slb Development Ltd.
1J1W	Pine Capital Group W230506
1J3	Asian Healthcare Specialists
1J4	Jep Holdings Ltd.
1J5	Hyphens Pharma Intl Limited
1J7	Jawala Inc.
1N3W	Hsi 25600mbecw220428
1R6	Avi-tech Hldg
1V3	Mooreast
1Y1	Vikingoffshore
3UJS	Ny09100h 240901
40B	Smj International Holdingsltd.
40D	Starburst Holdings Limited
40E	Spackman Entertainment Grp Ltd
40F	Alliance Mineral Assetslimited
40N	Versalink Holdings Limited
40T	Isec Healthcare Ltd.
40U	Ms Holdings Limited
40V	Singapore Edevelopment Ltd
40W	Zico Holdings Inc.
41B	Huationg Global Limited
41F	Gss Energy Limited
41H	Blackgold Natural Resourcesltd
41O	Lhn Limited
41S	Magnus Energy Group Ltd.
41T	Gccp Resources Limited
42C	Ix Biopharma Ltd.
42D	Nauticawt Limited
42E	Choo Chiang Holdings Ltd.
42F	Cmc Infocomm Limited
42L	Tlv Holdings Limited
42N	Ips Securex Holdings Limited
42R	Jumbo Group Limited
42S	Astaka Holdings Limited
42T	The Trendlines Group Ltd.
42U	Axcelasia Inc.
42W	China Star Food Group Limited
42Z	Eindec Corporation Limited
43A	Gs Holdings Limited
43B	Secura Group Limited
43E	Anchor Resources Limited
43F	Acromec Limited
43P	United Global Limited
43Q	Advancer Global Limited
49B	Amos Group
500	Tai Sin Electric Limited
502	Hsr Global Limited
504	Klw Holdings Ltd
505	Asiamedic Limited
508	Fuji Offset Plates Mfg Ltd
510	Hiap Seng Engineering Ltd
528	Second Chance Properties Ltd
532	DISA
533	Abr Holdings Limited
53JW	Ocbc Bk Mb Epw220701
540	Tung Lok Restaurants 2000 Ltd
541	Craft Print International Ltd
543	Noel Gifts International Ltd
544	Cse Global Ltd
546	Medtecs International Corp Ltd
554	King Wan Corporation Limited
558	Ums Holdings Limited
564	Spindex Industries Limited
566	See Hup Seng Limited
567	Colex Holdings Limited
569	Vicplas International Ltd
570	Transit-mixed Concrete Ltd
573	Challenger Technologies Ltd
575	Asti Holdings Limited
578	Ks Energy Limited
579	Oceanus Group Limited
57CW	Dbs Mb Ecw220328
580	Santak Holdings Limited
581	Ite Electric Co Ltd
583	Progen Holdings Ltd
584	Oakwell Engineering Limited
585	Asian Micro Holdings Ltd
586	Tmc Education Corporation Ltd
58YW	Geely Mb Ecw220404
594	Loyz Energy Limited
595	Van Der Horst Energy Limited
596	Thai Village Holdings Ltd
5A1B	Astrea V3.85%b290620#
5AB	Trek 2000 Int'l Ltd
5AE	Pollux Properties Ltd.
5AI	Sunlight Group Hldg Ltd
5AL	Annica Holdings Limited
5AM	Asiatravel.com Holdings Ltd
5AU	Ap Oil International Limited
5BI	Carriernet Global Ltd
5BS	Pne Micron Holdings Ltd
5CF	Okp Holdings Limited
5CP	Silverlake Axis Ltd
5CR	Asiatic Group (holdings) Ltd
5CT	Ecowise Holdings Limited
5DD	Micro-mechanics (holdings) Ltd
5DM	Ying Li Intl Real Estate Ltd
5DN	Ezra Holdings Limited
5DO	Sakae Holdings Ltd.
5DP	Heeton Holdings Limited
5DS	Megachem Limited
5DX	Metal Component Engg Ltd
5EB	Cfm Holdings Limited
5EC	ISR Capital
5EF	Adventus Holdings Limited
5EG	New Lakeside Holdings Limited
5EK	Armarda Group Limited
5EL	Lasseters Intl Holdings Ltd
5EN	Midas Hldgs Limited
5EV	Hosen Group Ltd
5EW	Pan Asian Holdings Limited
5F4	Figtree Holdings Limited
5F7	Hartawan Hldgs Ltd
5FL	Falcon Energy Group Limited
5FW	Linair Technologies Limited
5FX	New Wave Holdings Ltd.
5G1	Eurosports Global Limited
5G2	Kimheng Offshore&marine Hldltd
5G3	Talkmed Group Limited
5G4	Infinio Group Limited
5G9	Tritech Group Limited
5GD	Sunpower Group Ltd.
5GF	Nico Steel Holdings Limited
5GI	Interra Resources Limited
5GJ	Ausgroup Limited
5GZ	Aa Group Holdings Ltd.
5H0	Singhaiyi Group Ltd.
5HC	Ntegrator International Ltd
5HG	Oniontech Limited
5HH	Hln Technologies Limited
5HT	Communication Design Intl Ltd
5HV	Metax Engineering Corp Limited
5I0	Qt Vascular Ltd.
5I1	Kop Limited
5I4	Icp Ltd
5IC	Sing Holdings Limited
5IE	Lorenzo International Limited
5IF	Natural Cool Holdings Limited
5IG	Gallant Venture Ltd.
5JK	Hiap Hoe Limited
5JS	Indofood Agri Resources Ltd.
5KI	Soup Restaurant Group Limited
5LE	Sitra Holdings (intl) Limited
5LY	Marco Polo Marine Ltd.
5MD	Soon Lian Holdings Limited
5ME	Ezion Holdings Limited
5ML	Old Chang Kee Ltd.
5MM	Sky One Holdings Limited
5MQ	Epicentre Holdings Limited
5MZ	Kingsmen Creatives Ltd
5NF	Mencast Holdings Ltd.
5NG	Healthway Medical Corp Ltd
5NV	Chasen Holdings Limited
5OC	Koyo International Limited
5OI	Japan Foods Holding Ltd.
5OQ	Teho International Inc Ltd.
5OR	Heatec Jietong Holdings Ltd.
5OT	Singapore Medical Group Ltd
5OU	China Environment Ltd.
5OX	Mary Chia Holdings Limited
5PC	Goodland Group Limited
5PD	Hengyang Petrochem Log Limited
5PF	Jason Marine Group Limited
5PL	Sbi Offshore Limited
5PO	Hiap Tong Corporation Ltd.
5QR	Mann Seng Metal Intl Limited
5QT	Charisma Energy
5QY	Net Pacific Fin Hldgs Ltd
5RA	Asia-pacific Strategic Inv Ltd
5RC	Es Group (holdings) Limited
5RE	Smartflex Holdings Ltd
5RF	Friven & Co. Ltd.
5SO	Duty Free Internationallimited
5SR	Zhongmin Baihui Retail Grp Ltd
5SY	Chew's Group Limited
5TI	Kitchen Culture Holdings Ltd.
5TJ	Far East Group Limited
5TN	Iev Holdings Limited
5TP	Cnmc Goldmine Holdings Limited
5TR	Libra Group Limited
5TT	Keong Hong Holdings Limited
5TW	Chaswood Resources Hldgs Ltd.
5TY	Advanced Systems Automation
5UA	Starland Holdings Limited
5UF	Maxi-cash Fin Svcs Corp Ltd
5UL	Atlantic Navigation Hldg(s)ltd
5UN	Sincap Group Limited
5UO	Sysma Holdings Limited
5UX	Oxley Holdings Limited
5VC	Kori Holdings Limited
5VI	Logistics Holdings Limited
5VJ	Halcyon Agri Corporation Ltd
5VP	Gds Global Limited
5VS	Hafary Holdings Limited
5WA	Intl Healthway Corp Limited
5WE	Moya Holdings Asia Limited
5WF	Isoteam Ltd.
5WG	Singapore Kitchen Equipmentltd
5WH	Rex International Holding Ltd
5WJ	Moneymax Financial Servicesltd
5WV	Asiaphos Limited
5YCW	Yzj 5xshortsg231115
600	Hyflux Ltd
6AZB	Astrea Vi3%b310318#
7PMS	Ny07100x 220901
7QQS	Nz07100s 270301
8A1	Forise Int
8AZ	Aztech Gbl
8H5W	Sands Mb Ecw220705
8K7	Ughealthcare
8Q1W	Galaxy Mb Epw220705
8X0W	Hsi 26000mbecw220128
8YLS	Nz19100s 390701
8YMW	A-sonic Aero W220408^
8YY	Biolidics Limited
90QW	Dbs Mb Epw220214
93IW	Hsi 25000mbepw220128
971W	Hsi 26400mbecw220629
98SW	S&p 3800mbepw220318
9A3W	Comfortdel Mbecw221014
9BXW	Alibaba Mb Ecw220705
9CI	Capitalandinvest
9F4W	Uob Mb Ecw221028
9LUW	Nky 25000mbepw220610
9RMW	Uob Mb Ecw220627
9SNW	Dbs Mb Epw220701
9TZW	Hsi 24400mbecw220330
9ZVW	Dbs Mb Ecw220627
A04	Asl Marine Holdings Ltd
A05	Avjennings Limited
A13	Allied Technologies Limited
A17U	Ascendas Real Estate Inv Trust
A26	Sinarmas Land Limited
A30	Aspial Corporation Limited
A31	Addvalue Technologies Ltd
A33	Blumont Group Ltd.
A34	Amara Holdings Ltd
A35	Abf Spore Bond Index Fund Etf
A50	Rowsley Ltd.
A52	Annaik Limited
A55	Asia Enterprises Holding Ltd
A75	Ace Achieve Infocom Limited
A78	Liongold Corp Ltd
A7RU	Cityspring Infrastruct Trust
AAJ	Sunmoon Food Company Limited
ACV	Frasers Hospitality Trust
ADJ	Ols Enterprise Ltd.
ADN	First Sponsor Group Limited
ADP	Swissco Holdings Limited
AFC	Yuuzoo Corporation
AFUS	Nx15100z 250601
AGS	The Hour Glass Limited
AIY	Ifast Corporation Ltd.
AJ2	Ouhua Energy Holdings Limited
AJBU	Keppel Dc Reit
AOF	Amplefield Limited
AP4	Riverstone Holdings Limited
AU8U	Capitaretail China Trust
AUE	United Fiber System Limited
AVM	Boustead Projects Limited
AVX	Hl Global Enterprises Limited
AW9U	First Real Estate Inv Trust
AWC	Lindeteves-jacoberg Ltd
AWE	Sp Corporation Limited
AWG	Aei Corporation Ltd
AWI	Thakral Corporation Ltd
AWK	Fuxing China Group Limited
AWM	Shanghai Turbo Enterprises Ltd
AWS	Global Yellow Pages Limited
AWV	Captii Limited
AWX	Aem Holdings Ltd
AWZ	Multi-chem Limited
AXB	Yongnam Holdings Limited
AXXZ	Fcl Trea S$500m3.65%b220522
AYD	Plastoform Holdings Limited
AYN	Global Testing Corporation Ltd
AYV	Acma Ltd.
AZA	Ipc Corporation Limited
AZG	8telecom Intl Holdings Co Ltd
AZR	United Food Holdings Limited
AZT	Lottvision Limited
"AZY	Pan Ocean Co., Ltd."
B0Z	China Fishery Group Limited
B26	Ban Leong Technologies Limited
B28	Bonvests Holdings Ltd
B49	World Precision Machinery Ltd
B58	Banyan Tree Holdings Limited
B61	Bukit Sembawang Estates Ltd
B69	Broadway Industrial Group Ltd
B73	Global Investments Limited
B9S	Cosmosteel Holdings Limited
BAC	Jacks International Limited
BAI	S I2i Limited
BAZ	Lion Asiapac Ltd
BBP	Hor Kew Corporation Limited
BBW	Azeus Systems Holdings Ltd.
BCD	China Yuanbang Prop Hldgs Ltd
BCV	Qian Hu Corporation Limited
BCY	Powermatic Data Systems Ltd
BCZ	Travelite Holdings Ltd.
BDA	Pne Industries Ltd
BDF	Excelpoint Technology Ltd
BDN	Ryobi Kiso Holdings Ltd.
BDR	Willas-array Elec (hldgs) Ltd
BDU	Federal Int(2000) Ltd
BDX	Gsh Corporation Limited
BEC	Brc Asia Limited
BEH	China International Hldgs Ltd
BEI	Lht Holdings Limited
BEV	Swing Media Technology Grp Ltd
BEW	Jb Foods Limited
BEZ	Beng Kuang Marine Limited
BFI	Tiong Seng Holdings Limited
BFK	Pharmesis International Ltd.
BFT	Fabchem China Limited
BFU	Tye Soon Ltd
BGK	Swiber Holdings Limited
BGO	Universal Resource & Svcs Ltd
BHD	China Mining International Ltd
BHK	Siic Environment Holdings Ltd.
BHU	Sutl Enterprise Limited
BIP	Vibrant Group Limited
BIX	Ellipsiz Ltd
BJD	Vibropower Corporation Limited
BJGS	Na16100h 460301
BJHS	Nx16100f 260601
BJIS	Nz16100x 360801
BJV	Yamada Green Resources Limited
BJW	Shinvest Holding Ltd.
BJZ	Koda Ltd
BKA	Sin Heng Heavy Machinery Ltd
BKK	Luxking Group Holdings Limited
BKV	Dukang Distillers Hldgs Ltd
BKW	Datapulse Technology Limited
BKX	Yongmao Holdings Limited
BKZ	Suntar Eco-city Limited
BLA	Union Steel Holdings Limited
BLH	Hai Leck Holdings Limited
BLR	Darco Water Technologies Ltd
BLS	Hotung Investment Hldgs Ltd
BLU	Grp Ltd
BLW	Global Palm Resources Hlgs Ltd
BLZ	Advanced Holdings Ltd.
BMGU	Bhg Retail Reit
BMT	New Silkroutes Group Limited
BN2	Valuetronics Holdings Limited
BN4	Keppel Corporation Limited
BNE	Kencana Agri Limited
BOU	Informatics Education Ltd.
BPF	Yhi International Limited
BQC	Xpress Holdings Ltd
BQD	Envictus International Hldgltd
BQF	Xmh Holdings Ltd.
BQM	Tiong Woon Corp Holding Ltd
BQN	Bh Global Corporation Limited
BQP	Southern Packaging Group Ltd
BRD	Sapphire Corporation Limited
BRS	Usp Group Limited
BS6	Yangzijiang Shipbldg Hldgs Ltd
BSL	Raffles Medical Group Ltd
BTE	Bund Center Investment Ltd
BTF	Debao Property Development Ltd
BTG	Hg Metal Manufacturing Ltd
BTJ	A-sonic Aerospace Limited
BTM	Penguin International Limited
BTOU	Manulife Us Reit
BTP	Baker Technology Limited
BTWZ	Hyflux S$500m6%perpcapsec
BTX	Anchun International Hldgs Ltd
BTY	Full Apex (holdings) Limited
BUOU	Frasers Logistics & Ind Trust
BVA	Top Glove Corporation Bhd
BVP	Aims Property Securities Fund
BVQ	Procurri Corporation Limited
BWCU	Ec World Reit
BWM	China Jinjiang Env Hldg Co Ltd
BXE	Cdw Holding Limited
BYI	Phillip Sgx Apac Div Reit Etf
BYJ	Phillip Sgx Apacdiv Reit Etfs$
BZKS	N517100f 220401
C04	Casa Holdings Limited
C05	Chemical Industries (f.e.) Ltd
C06	Csc Holdings Ltd
C07	Jardine Cycle & Carriage Ltd
C09	City Developments Limited
C13	Ch Offshore Ltd
c29	Chip Eng Seng Corporation Ltd
C2PU	Parkwaylife Reit
C33	Chuan Hup Holdings Limited
C38U	Capitamall Trust
C41	Cortina Holdings Limited
C52	Comfortdelgro Corporation Ltd
C6L	Singapore Airlines Ltd
C70	City Developments Ltd Nccps
C76	Creative Technology Ltd
C8R	Jiutian Chemical Group Limited
C92	China Haida Ltd.
C9Q	Sinostar Pec Holdings Limited
CC3	Starhub Ltd
CDDW	S&p500 2500 Mb Ecw170915
CDVZ	Krisenergy S$139.464mz240131
CDXW	Krisenergy Ltd. W240131
CEDU	Dasin Retail Trust
CFA	Nikkoam-stc Asia_xj Reit Etf
CGN	Best World International Ltd
CGOW	Ta Corporation Ltd W220520
CGP	Noble Group Limited
CHBW	Duty Free Internationalw220513
CHJ	Uni-asia Group Limited
CHZ	Hrnetgroup Limited
CIN	Courage Marine Group Limited
CJLU	Netlink Nbn Trust
CJN	British & Malayan Hldg Limited
CLN	Apac Realty Limited
CLR	Lion-phillip S-reit Etf
CMGS	Nx18100a 280501
CMHS	N518100e 230201
CMOU	Keppel-kbs Us Reit
CNE	Mindchamps Preschool Limited
COI	Nikkoam-stc Asia_xj Reit Us$
CQLW	Marco Polo Marine Ltd. W230129
CRPU	Sasseur Reit
CRWW	Mtq Corporation Limitedw230417
CTO	Hong Lai Huat Group Limited
CUDW	Hsi 7xlongsg230215
CUKW	Dlc Sg5xshorthsc230420
CUUW	Hsi 7xlongsg231215
CVAW	Hsi 7xlongsg240215
CVPW	Dlc Sg5xlongmsg230420
CWAW	Dlc Sg5xlonghsi230420
CWBU	Cromwell Reit Eur
CWCU	Cromwell Reit Sgd
CWEW	Hstech 5xshortsg230216
CXDW	Hstech 5xlongsg230216
CXQW	Dlc Sg5xshorthsi230420
CXRW	Hscei 7xshortsg231215
CY6U	Ascendas India Trust
CYB	Icbc Csop Cgb Etf Us$d
CYC	Icbc Csop Cgb Etf S$
CYFW	Hscei 7xlongsg231215
CYTW	Dlc Sg5xshortmsg230420
CYW	Tricklestar
CZAW	Dlc Sg7xlongmsg230404
CZBW	Dlc Sg7xshorthsi230920
CZCW	Hstech 5xshortsg220602
CZDW	Simsci 7xshortsg231215
CZMW	Hsi 7xshortsg240125
CZPW	Dlc Sg5xlonghsc230420
CZSW	Dlc Sg7xshortmsg230712
D00W	Dlc Sg5xlongpetchina B
D01	Dairy Farm Int'l Holdings Ltd
D03	Del Monte Pacific Limited
D05	Dbs Group Holdings Ltd
D07	Spdr Djia Etf Trust
D11	Design Studio Furniture Mfrltd
D5IU	Lippo Malls Indo Retail Trust
D8DU	First Ship Lease Trust
DAAW	Dlc Socgen5xshort Aia
DABW	Dlc Socgen5xshort Venture A
DAEW	Dlc Sg5xshortsunny A
DAFW	Dlc Sg5xlongaac A
DAGW	Alibaba 5xshortsg230202
DAHW	Sunny 5xshortsg220621
DAIW	Lenovo 5xlongsg240215
DALW	Dlc Sg5xlong Aac
DARW	Meituan 5xshortsg231214
DASW	Dlc Sg5xshort Aac
DATW	Aac 5xlongsg231214
DAWW	Dlc Sg5xlong Sunac
DAZW	Dlc Sg5xshortkepcorp A
DBBW	Alihlth 5xshortsg220216
DBCW	Dlc Sg5xshortgeely A
DBDW	Baidu 5xlongsg220511
DBFW	Baidu 5xshortsg220511
DBGW	Aac 5xshortsg220621
DBHW	Venture 5xlongsg230713
DBIW	Lenovo 5xshortsg240215
DBTW	Dlc Sg5xlonggalaxy A
DBYW	Singtel 5xlongsg231214
DCAW	Dbs 5xshortsg220331
DCBW	Pahlth 5xlongsg220621
DCCW	Xiaomi 5xshortsg220705
DCDW	Geely 5xshortsg231214
DCIW	Alibaba 5xshortsg231214
DCJW	Lining 5xlongsg231019
DCKW	Gwmotor 5xlongsg221223
DCLW	Dlc Sg5xlong Citydev
DCMW	Dlc Sg5xshort Alibaba
DCRU	Digicore Reit Usd
DCSW	Dlc Sg5xshort Citydev
DDBW	Dlc Sg5xshortwilmar A
DDCW	Cspc 5xshortsg220315
DDEW	Geely 5xshortsg230126
DDFW	Jdhlth 5xshortsg220307
DDHW	Geely 5xlongsg220621
DDJW	Dlc Socgen5xshort Tencent A
DDLW	Tencent 5xlongsg220808
DDNW	Sands 5xshortsg220315
DDXW	Bydelec 5xlongsg221013
DDZW	Dlc Sg5xshortgeely B
DEBW	Sunny 5xshortsg221215
DEIW	Lenovo 5xshortsg220316
DEUW	Dlc Sg5xlongcitydev A
DEXW	Ganfeng 5xshortsg221223
DEZW	Dlc Sg5xshortuob A
DFBW	Meituan 5xshortsg221215
DFHW	Dlc Socgen5xlong Wilmar
DFJW	Dlc Sg5xshortocbc A
DFQW	Xiaomi 5xlongsg220323
DFSW	Dlc Sg5xshortsunny B
DFVW	Mycloud 5xlongsg220316
DFYW	Dlc Sg5xshort Byd
DGAW	Dlc Sg5xlonggeely A
DGBW	Dlc Sg5xshort Areit
DGCW	Dlc Sg5xshort Galaxy A
DGDW	Cmob 5xlongsg220323
DGEW	Areit 5xshortsg231214
DGFW	Alibaba 5xlongsg220608
DGIW	Clife 5xshortsg220302
DGPW	Bydelec 5xshortsg220608
DGQW	Cnooc 5xlongsg220323
DGRW	Dlc Sg5xlong Sgx
DGSW	Dlc Sg5xshort Sgx
DGVW	Lenovo 5xlongsg220316
DGXW	Bydelec 5xshortsg221013
DGZW	Meituan 5xlongsg221215
DHBW	Uob 5xlongsg230713
DHDW	Dlc Sg5xlong Clife
DHEW	Dlc Sg5xshort Hkex A
DHGW	Dlc Sg5xshortwilmar B
DHJW	Sia 5xshortsg220328
DHLU	Daiwa Hse Log Tr
DHMW	Pingan 5xshortsg230705
DHSW	Dlc Sg5xlong Hsbc A
DHTW	Kuaisho 5xlongsg220621
DHVW	Sinobio 5xshortsg231220
DHZW	Petroch 5xshortsg231012
DIBW	Ckasset 5xshortsg231019
DIHW	Tencent 5xlongsg231214
DINW	Dlc Sg5xlong Byd
DIYW	Hsi 20200mbepw220530
DIZW	Ganfeng 5xlongsg221223
DJAW	Dlc Sg5xlong Cmob
DJBW	Dlc Sg5xshort Jd
DJCW	Dlc Sg5xlong Jd
DJDW	Dlc Sg5xlongjd A
DJFW	Byd 5xlongsg220315
DJHW	Ckasset 5xlongsg231019
DJIW	Xiaomi 5xlongsg221215
DJKW	Bilibili 5xshortsg221223
DJXW	Kuaisho 5xshortsg220307
DKAW	Aac 5xlongsg240201
DKEW	Dlc Sg5xlongkepcorp A
DKJW	Byd 5xshortsg220216
DKKW	Dlc Sg5xlongsia A
DKLW	Sinobio 5xlongsg231220
DKMW	Singtel 5xshortsg230713
DKTW	Sands 5xlongsg221013
DLBW	Galaxy 5xlongsg221013
DLCW	Byd 5xlongsg230202
DLIW	Dlc Sg5xlongsunac A
DLKW	Kingdee 5xlongsg231220
DLSW	Kingsof 5xshortsg231220
DLTW	Hkex 5xshortsg240125
DLYW	Hkex 5xlongsg220302
DM0	Psc Corporation Ltd
DMAW	Dlc Sg5xshort Meituan A
DMBW	Dlc Sg5xlong Alibaba
DMDW	Kingsof 5xlongsg220908
DMEW	Dlc Sg5xlong Meituan
DMFW	Cnooc 5xlongsg240201
DMGW	Meituan 5xlongsg220808
DMIW	Tencent 5xshortsg231214
DMPW	Dlc Socgen5xshort Genting
DMSW	Dlc Sg5xshort Meituan
DMUW	Dlc Sg5xlongocbc A
DNAW	Dlc Sg5xlongnetease A
DNCW	Dlc Sg5xshort Netease
DNDW	Geely 5xlongsg230202
DNEW	Dlc Socgen5xlong Genting
DNFW	Dlc Sg5xlongalibaba A
DNSW	Dlc Sg5xlong Netease
DNXW	Dlc Socgen5xshort Wilmar
DNZW	Dlc Sg5xshort Clife
DOAW	Sunac 5xlongsg220315
DOFW	Cspc 5xlongsg220315
DOIW	Jdhlth 5xlongsg220307
DOJW	Kuaisho 5xlongsg220307
DOOW	Kingdee 5xshortsg231220
DOPW	Dlc Sg5xlong Pahealth
DOZW	Pahlth 5xshortsg220315
DPAW	Kuaisho 5xshortsg230202
DPCW	Pingan 5xshortsg220302
DPEW	Dlc Sg5xshort Shkp
DPWW	Dlc Socgen5xlong Aia
DQAW	Dlc Sg5xlongareit A
DQBW	Dlc Sg5xshort Cmob
DQCW	Cnooc 5xshortsg240201
DQDW	Dlc Socgen5xshort Geely
DQEW	Dbs 5xlongsg230713
DQIW	Citydev 5xlongsg220331
DQMW	Cnooc 5xshortsg220302
DQOW	Genting 5xshortsg220328
DQPW	Pingan 5xlongsg230705
DRAW	Kuaisho 5xlongsg230202
DRGW	Dlc Sg5xlong Shkp
DRWW	Dlc Socgen5xlong Geely
DRX	St Group Food
DSBW	Dlc Socgen5xlong Tencent A
DSCW	Dlc Socgen5xshort Galaxy
DSDW	Dlc Sg5xlongsunny A
DSGW	Cmb 5xshortsg231019
DSHW	Geely 5xshortsg221215
DSIW	Dlc Sg5xlong Sia
DSJW	Xpeng 5xshortsg221223
DSNW	Dlc Sg5xlong Sunny
DSOW	Xiaomi 5xshortsg231214
DSSW	Dlc Sg5xshort Sands
DSTW	Sunny 5xshortsg231214
DSVW	Dlc Sg5xshort Sunny
DTCW	Tencent 5xshortsg230202
DTFW	Dlc Sg5xshortdbs A
DTGW	Sia 5xlongsg230713
DTHW	Byd 5xshortsg231214
DTIW	Hsbc 5xshortsg241213
DTJW	Dlc Sg5xlongcnooc A
DTKW	Mycloud 5xshortsg220316
DTMW	Cmob 5xlongsg250213
DTNW	Dlc Socgen5xlong Galaxy
DTOW	Smoore 5xlongsg220331
DTPW	Petroch 5xshortsg220328
DTQW	Xiaomi 5xlongsg220705
DTRW	Hsi 23800mbepw220225
DTSW	Dlc Sg5xshorttencent B
DTXW	Bilibili 5xlongsg221223
DU4	Mermaid Maritime Public Co Ltd
DUAW	Wuxibio 5xlongsg221020
DUBW	Dlc Sg5xlonggenting A
DUDW	Jd 5xshortsg220908
DUFW	Dlc Sg5xlong Cspc
DUHW	Cmob 5xshortsg250213
DUOW	Bydelec 5xlongsg220608
DUQW	Alihlth 5xlongsg220323
DUXW	Aia 5xshortsg240125
DVAW	Clife 5xlongsg240215
DVBW	Lining 5xshortsg231019
DVCW	Dlc Sg5xshortventure B
DVHW	Bydelec 5xlongsg231220
DVIW	Alibaba 5xlongsg231214
DVOW	Dlc Socgen5xlong Hkex
DVPW	Dlc Sg5xlonggeely B
DVUW	Cosco 5xshortsg221223
DVVW	Dlc Socgen5xshort Hkex
DWAW	Dlc Sg5xshort Cspc
DWBW	Dlc Socgen5xshort Ccb
DWCW	Ccb 5xlongsg240807
DWDW	Wuxibio 5xshortsg221020
DWEW	Clife 5xshortsg240215
DWGW	Aia 5xlongsg241213
DWKW	Cosco 5xlongsg221223
DWNW	Dlc Sg5xshortalibaba A
DWQW	Nongfu 5xlongsg220316
DWTW	Dlc Sg5xshortaac B
DWVW	Clife 5xlongsg220302
DWZW	Kingdee 5xshortsg220216
DXAW	Dlc Sg5xlong Areit
DXBW	Dlc Sg5xshort Xiaomi A
DXDW	Kuaisho 5xlongsg220808
DXGW	Anta 5xshortsg231019
DXHW	Galaxy 5xshortsg221215
DXIW	Citydev 5xshortsg231214
DXKW	Xpeng 5xlongsg221223
DXLW	Dlc Sg5xlong Xiaomi
DXMW	Dlc Socgen5xlong Ccb
DXNW	Smoore 5xshortsg220316
DXSW	Dlc Sg5xshort Xiaomi
DXUW	Dlc Socgen5xshort Yzj
DXZW	Dlc Sg5xlong Alihealth
DYAW	Dlc Socgen5xshort Hsbc
DYDW	Dlc Sg5xshortaac A
DYKW	Dlc Sg5xshortsgx A
DYMW	Dlc Sg5xshort Alihealth
DYYW	Hkex 5xlongsg240125
DZAW	Dlc Sg5xlongpetchina A
DZCW	Galaxy 5xshortsg220328
DZDW	Anta 5xlongsg231019
DZEW	Sands 5xshortsg230202
DZHW	Meituan 5xlongsg220331
DZKW	Gwmotor 5xshortsg221223
DZLW	Dlc Socgen5xlong Hsbc
DZQW	Kingsof 5xshortsg230126
DZWW	Byd 5xshortsg230202
DZXW	Meituan 5xshortsg220216
DZYW	Ccb 5xshortsg231214
E27	Eucon Holding Limited
E28	Frencken Group Limited
E3B	Wee Hur Holdings Ltd.
E5H	Golden Agri-resources Ltd
E6R	Samko Timber Limited
E8Z	Roxy-pacific Holdings Limited
E9L	Joyas International Hldgs Ltd
EB5	First Resources Limited
EB7	Ktl Global Limited
EBCW	Meituan Mb Epw220302
EG0	Jes International Holdings Ltd
EH5	United Overseas Australia Ltd
EHG	Econ Healthcare
ELMW	Nky 27000mbecw220311
ELTW	Thaibev 5xshortsg231115
EPZW	Ocbc Bk Mb Ecw220328
EQYW	Tencentmbepw220302
ER0	Ksh Holdings Limited
ERKW	Singtelmbecw220915
ES3	Sti Etf
EUUW	Sia Mb Ecw220915
EVD	Nikkoam-stc Cn Ev Us$
EVS	Nikkoam-stc Cn Ev S$
F03	Food Empire Holdings Limited
F10	F J Benjamin Holdings Ltd
F13	Fu Yu Corporation Ltd
F17	Guocoland Limited
F1E	Low Keng Huat (singapore) Ltd
F34	Wilmar International Limited
F83	Cosco Corporation (s) Ltd
F86	Cougar Logistics Corpn Ltd
F99	Fraser And Neave Limited
F9D	Boustead Singapore Limited
FDPW	Ascendasreit Mbecw220315
FIAW	China Real Estate W230726
FOAW	Jd Mb Epw220404
FOUW	Ocbc Bk Mb Ecw220214
FQ7	Jasper Investments Limited
FQJW	Comfortdel Mbecw220315
FRQ	Sing Paincare
FUBW	Gentingsmbecw220429
G07	Great Eastern Hldgs Ltd
G0I	Nam Lee Pressed Metal Inds Ltd
G11	Global Tech (hldgs) Limited
G13	Genting Singapore Plc
G1N	Lyxor Etf Msci India 10
G20	Gp Industries Limited
G3B	Dbs Singapore Sti Etf
G41	G. K. Goh Holdings Limited
G50	Grand Banks Yachts Limited
G92	China Aviation Oil(s) Corp Ltd
GAPW	Tencentmbepw220705
GCPR	Stamford Land R1
GDEW	Dlc Socgen7xlongmsg 220225
GFOW	Hsi 24400mbecw220128
GGOW	Yangzijimbecw220315
GJEW	Hsi 24000mbepw220629
GNLW	Thomson Med Grp Ltdw220424
GRE	Uob Ap Grn Reit Us$
GRN	Uob Ap Grn Reit S$
GRQ	Don Agro
GSD	Gld Sg$
GSKW	Hsi 28000mbecw220530
GU5	China Kunda Tech Holdings Ltd
GVVW	Wilmar Mb Ecw221014
GYOW	Hstech 5400mbepw220330
H02	Haw Par Corp Ltd
H07	Stamford Land Corporation Ltd
H12	Hotel Royal Ltd
H13	Ho Bee Investment Limited
H15	Hotel Properties Ltd
H18	Hotel Grand Central Ltd
H19	Hwa Hong Corporation Limited
H1N	Lyxor Etf Msci Emerging Mkt 10
H20	Hoe Leong Corporation Ltd.
H22	Hong Leong Asia Ltd.
H30	Hong Fok Corporation Ltd
H78	Hongkong Land Holdings Limited
HD9	Dbxt Ftse Vietnam Etf 10
HEXW	Hsi 23600mbecw220128
HGPW	Byd Mb Ecw220302
HHKW	Ascendasreit Mbecw221101
HISW	Xiaomi Mbecw220302
HKB	Amtd Ib Ov
HMMW	Meituan 5xshortub241231
HMN	Ascott Trust
HNJW	Kuaisho Mb Ecw220705
HOHW	Hsi 7xshortub241231
HRDW	Hsi 26000mbecw220530
HSS	Lion-ocbc Sec Hstech Us$
HST	Lion-ocbc Sec Hstech S$
HWUW	Hstech 5600mbecw220629
HXHW	Meituan Mb Epw220404
i06	Intraco Limited
i07	Isdn Holdings Limited
i11	Ipco Int'l Limited
i15	Isetan (singapore) Ltd
i49	Ifs Capital Limited
I98	Is Msci India 100
IENW	S&p 5000mbecw220318
IMNW	Nky 26000mbepw220311
IPFW	Hsi 22600mbepw220128
IUEW	Capitalandinvmbecw221028
IUUW	Pingan Mb Epw220705
IW5	Seroja Investments Limited
IWBW	Hsi 25200mbecw220128
IWKW	Envictus Intl Holdings W221128
IX2	Pec Ltd.
IXDW	Hsi 23400mbepw220330
IXLW	Hsi 24200mbepw220128
IYCW	Byd Mb Epw220302
IYZW	Hsi 24800mbecw220428
J03	Jadason Enterprises Ltd
J17	Jackspeed Corporation Limited
J2T	Hock Lian Seng Holdings Ltd
J36	Jardine Matheson Hldgs Ltd
J69U	Frasers Centrepoint Trust
J85	Cdl Hospitality Trusts
J91U	Cambridge Industrial Trust
JK8	United Sse 50 China Etf
JLB	Grand Venture Technology Ltd
JYEU	Lendlease Reit
K03	Khong Guan Flour Milling Ltd
K1Q	Ttj Holdings Limited
K29	Karin Technology Hldgs Limited
K2LU	Cache Logistics Trust
K3CD	China Eastern Air Adr 10
K3DD	Sinopec Petrochemical Adr 10
K3FD	Huaneng Power Intl Adr 10
K3HD	Aluminum Corp Of China Adr 10
K3MD	Netease.com Adr 10
K3OD	Petrochina Adr 10
K3RD	Ctrip.com International Adr 10
K3SD	Baidu.com Adr 10
K3TD	China Southern Air Adr 10
K6S	Prudential Plc
K71U	K-reit Asia
K75	Koh Brothers Group Limited
KAFW	Hsi 21400mbepw220428
KDVW	Dlc Socgen7xlonghsi 220225
KHDW	Koh Brothers Eco Engg W230925
KI3	Hu An Cable Holdings Ltd.
KJ5	Bbr Holdings (s) Ltd
KJ7	Dbxt Msci Indonesia Etf 10
KMUW	Hsi 25400mbecw220629
KNNW	Sti 3000mbepw220225
KNXW	Hsi 7xlongub241231
KSDW	Kuaisho Mb Ecw220404
KUCW	Sands Mb Epw220705
KUH	Tsh Corporation Ltd
KUO	International Cement Groupltd.
KUX	Dlf Holdings Limited
KV4	Dbxt Iboxx Singapore Etf 5
KXJW	Geely Mb Epw220404
KZHW	Vikingw220701
L02	Manhattan Resources Limited
L03	Lian Beng Group Ltd
L09	Lung Kee (bermuda) Hldgs Ltd
L19	Lum Chang Holdings Limited
L23	Enviro-hub Holdings Ltd
L38	L.c.development Ltd
L5I	Abterra Ltd
LBHW	Alibaba Mb Epw220404
LG9	Dbxt Msci China Trn Etf 10
LGDW	Byd Mb Epw220404
LHUW	Hsi 27600mbecw220128
LIW	Eagle Hospitality Trust
LJ3	Overseas Union Enterprise Ltd
LPMW	Hsi 20600mbepw220428
LQRW	Meituan 5xlongub241231
LS9	Leader Environmental Tech Ltd
LSCW	Informatics W240821^
LSHS	N519100a 240201
LSS	Phil Long Simsci2x S$
LSU	Phil Long Simsci2x Us$
LUY	Raffles Infrastructurehldgsltd
M01	Metro Holdings Limited
M03	Miyoshi Precision Limited
M04	Mandarin Oriental Intl Ltd
M05	Mtq Corporation Limited
M11	Mfg Integration Technology Ltd
M14	Innotek Limited
M15	Matex International Limited
M1GU	Sabana Shari'ah Compliant Reit
M1Z	Tee International Limited
M44U	Mapletree Logistics Trust
M62	Cimb Ftse Asean40 100
MBH	Nikkoam Sgd Ig Corp Bond Etf
MBUW	Pingan Mb Ecw220705
MCAW	Citydev Mb Ecw220701
MCUW	Ocbc Bk Mb Ecw221028
ME8U	Mapletree Industrial Trust
MF6	Mun Siong Engineering Limited
MHLW	Byd 5xshortsg221115
MIJ	Alliance Healthcare Group Ltd
MMS	Phillip Mm S$
MMT	Phillip Mm Us$d
MNTW	Dbs Mb Epw221215
MPNW	Xiaomi Mbecw220602
MQVW	Comfort 5xlongsg231115
MR7	Nordic Group Limited
MT1	Dragon Group Intl Limited
MV4	Mewah International Inc.
MVYW	Xinyisolar Mb Ecw220705
MWSW	Galaxy Mb Ecw220705
MXNU	Elitecomreit Gbp
MZH	Nanofilm
N01	Neratelecommunications Ltd
N02	Nsl Ltd.
N08	New Toyo Int Hldgs Ltd
N0Z	Combine Will Intl Hldgs Ltd
N2H	Hyflux 6% Cum Pref Class A 10
N2IU	Mapletree Commercial Trust
N32	Nippecraft Limited
N33	Nomura Holdings Inc
N4E	Nam Cheong Limited
N5YD	Mufj Financial Adr 10
N6DD	Mizuho Financial Adr 10
N6FD	Toyota Motor Adr 10
N6M	Ishares Usd Asia Bond Etf
NAHW	Sgx Mb Ecw220704
NC2	Sri Trang Agro-industry Pcl
NCXW	Lifebrandz W240621
NEX	Reclaims Global Limited
NHD	Jubilee
NKMW	Jd Mb Epw220705
NO4	Dyna-mac Holdings Ltd.
NPSW	Hsi 25200mbecw220330
NPW	Malaysia Smelting Corp Bhd
NR7	Raffles Education Corp Ltd
NS8U	Hutchison Port Holdings Trust
NTU	Novotellusspac U
NWNW	Hsi 21800mbepw220330
NXEW	Capinv 5xlongsg231115
O08	Ossia International Ltd
O10	Orchard Parade Holdings Ltd
O32	Olam International Limited
O39	Oversea-chinese Banking Corp
O5RU	Aims Amp Cap Industrial Reit
O6Z	Lonza Group Ltd
O87	Spdr Gold Shares
O9A	Dbxt Msci Singapore Im Etf 10
O9E	Parkson Retail Asia Limited
O9P	Ishares Usd Asia Hy Bond Etf
OAJ	Fortress Minerals Limited
OAOW	Nky 29000mbecw220311
ODBU	Utdhampshreitusd
OEMW	Hsi 22600mbepw220330
OFGW	Hsi 24000mbecw220428
OL9S	Nz10100f 300901
OMK	Vividthree Holdings Ltd.
OQNW	Hsi 23000mbepw220629
OQTW	Gentingsmbecw221028
OSSW	Uob Mb Ecw220704
OTS	Ots Holdings
OTX	Medinex Limited
OU8	Centurion Corporation Limited
OV8	Sheng Siong Group Ltd
OVQ	Phillip Sing Income Etf
OXMU	Prime Us Reitusd
OYY	Propnex Limited
P11	Pacific Andes Resources Devltd
P15	Pacific Century Regional Devts
P34	Petra Foods Limited
P36	Pan Hong Property Group Ltd
P40U	Starhill Global Reit
P52	Pan-united Corporation Ltd
P58	Lyxor China H 10
P5P	Cimb S&p Asia Pacific Dividend
P60	Lyxor Asia 10
P74	China Kangda Food Company Ltd
P7VU	Hutchison Port Hldgs Trust S$
P8A	Cordlife Group Limited
P8Z	Bumitama Agri Ltd.
P99W	Ocbc Bk Mb Ecw220630
P9D	Civmec Limited
PA3	Ta Corporation Ltd
PBSW	Vibropower W250116^
PGU	Pegasus Spac U
PH0	Hatten Land
PH1S	Na12100n 420202
PPBW	Hstech 5000mbepw220629
PRH	Citicode Ltd
PU6D	Hsbc Adr 10
PUOW	Netease 5xshortsg221115
PVWW	Hsi 22200mbepw220428
PVYW	Nky 30000mbecw220610
PZGW	Ganfenglit Mb Ecw220705
Q01	Qaf Ltd
Q0F	Ihh Healthcare Berhad
Q0X	Ultro Technologies Limited
Q5T	Far East Hospitality Trust
QAHW	Thaibev 5xlongsg231115
QC7	Q & M Dental Group (s) Limited
QES	Chinasunsine
QFYW	Byd 5xlongub241231
QK9	Is Msci India 100 S$
QL2	Ishares Usd Asia Bond Etf S$
QL3	Ishares Usd Asia Hy Bond Etfs$
QNHW	First Sponsor W240530
QNS	Southernalliance
QPAW	Tencentmbecw220705
QR9	Cimb S&p Asia Pac Dividend S$
QS0	Cimb Ft Asean 40 100 S$
QS9	Radiance Group Limited
QSD	Resources Gbl
QZG	Accrelist Ltd
R14	Ramba Energy Limited
R1MS	Nx13100h 230701
R1NS	Nz13100v 330901
RAYW	First Sponsor W290321
RC5	Triyards Holdings Limited
RCU	Revez
RDR	Incredible
RE4	Geo Energy Resources Limited
REVW	Capinv 5xshortsg231115
RF1U	Religare Health Trust
RIWW	Hsi 23000mbepw220225
RLJW	Hsi 23400mbepw220128
RMRB	Astrea Iv S$242m4.35%b280614
RNRW	Jd Mb Ecw220302
RPLW	Meituan Mb Ecw220705
RQ1	Overseas Education Limited
RS1	China Environmental Res Gp Ltd
RVVW	Uob Mb Ecw220701
RW0U	Mapletree Greater Chinacomm Tr
RYKW	Sgx Mb Epw220704
S07	Shangri-la Asia Limited
S08	Singapore Post Limited
S19	Singapore Shipping Corp Ltd
S20	Straits Trading Co. Ltd
S23	Singapura Finance Ltd
S27	Spdr S&p 500 Etf Trust
S29	Stamford Tyres Corporationltd
S2D	Tosei Corporation
S35	Sing Investments & Finance Ltd
S3N	Okh Global Ltd.
S41	Hong Leong Finance Limited
S44	Engro Corporation Limited
S45U	Singapore Index Fund
S51	Sembcorp Marine Ltd
S56	Samudera Shipping Line Ltd
S58	Sats Ltd.
S59	Sia Engineering Co Ltd
S61	Sbs Transit Ltd
S63	Singapore Tech Engineering Ltd
S68	Singapore Exchange Limited
S69	Serial System Ltd
S71	Sunright Ltd
S7OU	Asian Pay Television Trust
S7P	Soilbuild Construction Grp Ltd
S85	Straco Corporation Limited
S9B	Tee Land Limited
SDRW	S&p 4800mbecw220617
SES	Cph Ltd.
SJY	Megroup Ltd.
SK3	Krisenergy Ltd.
SK6U	Sph Reit
SO7	Yangzijiang Shipbldg Hldgs Rmb
SQ1B	Sia S$750m 3.03% B 240328
SRT	Csop Iedge Sreit Etf S$
SRU	Csop Iedge Sreit Etf Us$
SSAW	Hsi 26200mbecw220330
SSS	Phil Short Simsci-1x S$
SSU	Phil Short Simsci-1x Us$
STG	Sri Trang Gloves
STP	Silkroad Nickel Ltd.
SYM	Memiontec
SYYW	Soilbuild Constw240729
SZQW	Nky 28000mbepw220311
T09	Tt International Limited
T12	Tat Seng Packaging Group Ltd
T13	Rh Petrogas Limited
T14	Tianjin Zhong Xin Pharm Group
T15	Tan Chong Int'l Ltd
T24	Tuan Sing Holdings Limited
T39	Singapore Press Hldgs Ltd
T41	Telechoice International Ltd
T43	Techcomp (holdings) Limited
T4B	Sino Grandness Food Ind Gp Ltd
T55	Transpac Industrial Hldgs Ltd
T6I	Valuemax Group Limited
T82U	Suntec Real Estate Inv Trust
T8FS	Ny14100e 290701
T8V	Pacific Radiance Ltd.
TBMR	Stamford Land R
TCU	Creditbureauasia
TEKB	Temasek S$500m 2.7% B 231025
TEMB	Temasek 1.8% 261124xb#
TFLW	Uob Mb Epw221101
TGSW	Hstech 6600mbecw220629
THLW	Comfort 5xshortsg231115
THVW	Alibaba Mb Ecw220404
TID	Xt Mschina S$
TLMW	Ocbc Bk Mb Ecw220701
TQ5	Frasers Centrepoint Limited
TS0U	Oue Commercial Reit
TSGW	Tencent 5xlongub241231
TVV	Artivision
U06	United Industrial Corp Ltd
U09	Upp Holdings Limited
U10	Uob-kay Hian Holdings Limited
U11	United Overseas Bank Ltd
U13	United Overseas Insurance Ltd
U14	Uol Group Limited
U77	Sarin Technologies Ltd
U96	Sembcorp Industries Ltd
U9E	Hankore Environment Tec Grpltd
UD1U	Ireit Global
UD2	Japfa Ltd.
UEDW	Hstech 6200mbecw220330
UHIW	Hsi 24800mbecw220225
UKDW	Dbs Mb Ecw220701
URR	Sim Leisure Group Ltd.
UV1	Hisaka Holdings Ltd.
UVIW	Hsi 27200mbecw220225
UYUW	Uob Mb Ecw220328
UYXW	Capitalandinvmbecw220330
V03	Venture Corporation Limited
V0CW	Dbs Mb Epw220204
V0ZW	Uob Mb Epw220331
V2Y	Synagie Corporation Ltd.
V3M	Metech International Ltd
VAIW	Annaik W241009
VBBW	Wilmar Mb Ecw220615
VETW	Hstech 6000mbepw220629
VFP	China Medical (intl) Gp Ltd
VI2	Tc Auto
VL6	Koufu Group Limited
VOCW	Meituan Mb Epw220705
VSIW	Hsi 26800mbecw220128
VSJW	Sgx Mb Ecw221115
VTA	Vertex Spac U
VVL	Alphadx
VXMW	Yangzijimbecw221004
VYBW	Xiaomi Mbepw220302
W05	Wing Tai Hldgs Ltd
W1XW	Incredible W240204
WA9W	Alibaba 5xlongub241231
WDIW	Baidu Mb Epw220404
WERW	Hsi 24000mbecw220225
WG2W	Asl M W240723
WJP	Vicom Ltd
WMXW	Hsi 25600mbecw220225
WNKW	S&p 3600mbepw220617
WPC	Vallianz Holdings Ltd
WPOB	Sia Mcbz300608#
WRDW	Ocbc Bk Mb Epw220615
WS5W	Baidu Mb Ecw220404
WSNW	S&p 4200mbepw220318
WUNW	Hsi 21800mbepw220128
WW8W	Jd Mb Ecw220404
WZ2W	Beverly Jcg W240531
X1KW	Yzj 5xlongsg231115
X3UW	Xiaomi Mbepw220602
XCF	Ktmg Limited
XDSW	Alibaba Mb Epw220302
XDUW	S&p 5200mbecw220617
XGHW	S&p 4000mbepw220617
XGYW	Uob Mb Epw220701
XHDW	Sti 3300mbecw220428
XHRW	Xiaomi Mbecw220404
XJB	Ghy Culture
XNMW	Sti 2850mbepw220428
XVG	$ Aedge Group
XVWW	Kuaisho Mb Epw220705
XWA	Aem Usd
XXQW	Uob Mb Epw220214
XZL	Ara Us Hospitality Trust
Y03	Yeo Hiap Seng Ltd
Y06	Youcan Foods International Ltd
Y1OW	Ocbc Bk Mb Epw220331
Y2BW	Dbs Mb Epw220627
Y35	Sun East Group Limited
Y3D	Mdr Limited
Y45	Singapore Windsor Holdings Ltd
Y6OB	Gsh Cb5.2%241012#
Y7RW	Uob Mb Ecw220214
Y8E	Samurai 2k
Y92	Thai Beverage Public Co Ltd
YD3W	Tencentmbecw220302
YKMW	Top Glove Mb Ecw220831
YNPW	Jd Mb Epw220302
YPJW	Meituan Mb Ecw220404
YQ7B	Sia 2021 Mcbz300608#
YQOW	Alibaba Mb Epw220705
YSUB	Banyantree Cb7.5%220806#
YTCW	Sti 3050mbepw220428
YURW	Ocbc Bk Mb Ecw220627
YVDW	Jd Mb Ecw220705
YVWW	Citydev Mb Ecw220315
YWJW	Nky 24000mbepw220311
YYB	Arion Entertainment Spore Ltd
YYN	Platocapital
YYR	Lion-ospl China L Cny
YYY	Lion-ospl China L S$
Z25	Yanlord Land Group Limited
Z59	Yoma Strategic Holdings Ltd
Z74	Singtel
Z77	Singtel 10
ZFCW	Hsi 22200mbepw220225
ZFGS	Na21200w 511001
ZFSW	2ndchance W230307
ZHD	Nikkoam-icbcsg Cnb Us$
ZHS	Nikkoam-icbcsg Cnb S$
ZHY	Nikkoam-icbcsg Cnb Cny
ZKDW	Alibaba Mb Ecw220302
ZL8S	Na20100f 500301
ZM4W	Hstech 6400mbepw220330
ZXY	Alpina Holdings
