Symbol,Link
1A0.SI,[]
1A1.SI,[]
1A4.SI,[]
1AZ.SI,[]
1B0.SI,[]
1B1.SI,[]
1B6.SI,[]
1C0.SI,"['https://sg.finance.yahoo.com/news/cns-pharmaceuticals-inc-cnsp-outperforming-144002304.html', 'https://sg.finance.yahoo.com/news/5-beaten-down-biotech-bets-185006286.html']"
1C5.SI,[]
1D0.SI,['https://sg.finance.yahoo.com/news/3-stocks-raised-dividends-latest-233000506.html']
1D1.SI,[]
1D3.SI,[]
1D4.SI,[]
1D5.SI,[]
1D8.SI,[]
1E3.SI,[]
1F0.SI,[]
1F1.SI,[]
1F2.SI,[]
1F3.SI,[]
1G1.SI,[]
1G6.SI,[]
1H2.SI,[]
1H3.SI,[]
1H4.SI,[]
1H8.SI,[]
1J0.SI,[]
1J3.SI,[]
1J4.SI,[]
1J5.SI,[]
1J7.SI,[]
1R6.SI,[]
1V3.SI,[]
1Y1.SI,[]
40B.SI,[]
40D.SI,[]
40E.SI,[]
40F.SI,[]
40N.SI,[]
40T.SI,[]
40U.SI,[]
40V.SI,[]
40W.SI,[]
41B.SI,[]
41F.SI,[]
41H.SI,[]
41O.SI,['https://sg.finance.yahoo.com/news/3-stocks-raised-dividends-latest-233000506.html']
41T.SI,[]
42C.SI,[]
42D.SI,[]
42E.SI,[]
42F.SI,[]
42L.SI,[]
42N.SI,[]
42R.SI,[]
42S.SI,[]
42T.SI,[]
42U.SI,[]
42W.SI,[]
42Z.SI,[]
43A.SI,[]
43B.SI,[]
43E.SI,[]
43F.SI,[]
43P.SI,[]
43Q.SI,[]
49B.SI,[]
500.SI,[]
502.SI,[]
504.SI,[]
505.SI,[]
508.SI,[]
510.SI,[]
528.SI,[]
532.SI,[]
533.SI,[]
540.SI,[]
541.SI,[]
543.SI,[]
544.SI,[]
546.SI,[]
554.SI,[]
558.SI,[]
564.SI,[]
566.SI,[]
567.SI,[]
569.SI,[]
570.SI,[]
573.SI,[]
575.SI,[]
578.SI,[]
579.SI,[]
580.SI,[]
581.SI,[]
583.SI,[]
584.SI,[]
585.SI,[]
586.SI,[]
594.SI,[]
595.SI,[]
596.SI,[]
5AB.SI,[]
5AE.SI,[]
5AI.SI,[]
5AL.SI,[]
5AM.SI,[]
5AU.SI,[]
5BI.SI,[]
5BS.SI,[]
5CF.SI,[]
5CP.SI,"['https://sg.finance.yahoo.com/news/silverlake-axis-forms-insurance-ecosystems-004423167.html', 'https://sg.finance.yahoo.com/news/singapore-pe-firm-ikhlas-capital-111750399.html']"
5CR.SI,[]
5CT.SI,[]
5DD.SI,[]
5DM.SI,[]
5DN.SI,[]
5DO.SI,[]
5DP.SI,[]
5DS.SI,[]
5DX.SI,[]
5EB.SI,[]
5EC.SI,[]
5EF.SI,[]
5EG.SI,[]
5EK.SI,[]
5EL.SI,[]
5EN.SI,[]
5EV.SI,[]
5EW.SI,[]
5F4.SI,[]
5F7.SI,[]
5FL.SI,[]
5FW.SI,[]
5FX.SI,[]
5G1.SI,[]
5G2.SI,[]
5G3.SI,[]
5G4.SI,[]
5G9.SI,[]
5GD.SI,[]
5GF.SI,[]
5GI.SI,[]
5GJ.SI,[]
5GZ.SI,[]
5H0.SI,[]
5HC.SI,[]
5HG.SI,[]
5HH.SI,[]
5HT.SI,[]
5HV.SI,[]
5I0.SI,[]
5I1.SI,[]
5I4.SI,[]
5IC.SI,[]
5IE.SI,[]
5IF.SI,[]
5IG.SI,[]
5JK.SI,[]
5JS.SI,[]
5KI.SI,[]
5LE.SI,[]
5LY.SI,[]
5MD.SI,[]
5ME.SI,[]
5ML.SI,[]
5MM.SI,[]
5MQ.SI,[]
5MZ.SI,[]
5NF.SI,[]
5NG.SI,[]
5NV.SI,[]
5OC.SI,[]
5OI.SI,[]
5OQ.SI,[]
5OR.SI,[]
5OT.SI,[]
5OU.SI,[]
5OX.SI,[]
5PC.SI,[]
5PD.SI,[]
5PF.SI,[]
5PL.SI,[]
5PO.SI,[]
5QR.SI,[]
5QT.SI,[]
5QY.SI,[]
5RA.SI,[]
5RC.SI,[]
5RE.SI,[]
5RF.SI,[]
5SO.SI,[]
5SR.SI,[]
5SY.SI,[]
5TI.SI,[]
5TJ.SI,[]
5TN.SI,[]
5TP.SI,[]
5TR.SI,[]
5TT.SI,[]
5TW.SI,[]
5TY.SI,[]
5UA.SI,[]
5UF.SI,[]
5UL.SI,[]
5UN.SI,[]
5UO.SI,[]
5UX.SI,"['https://sg.finance.yahoo.com/news/two-freehold-strata-f-b-020000725.html', 'https://sg.finance.yahoo.com/news/britain-likely-adopt-sarbanes-oxley-111206705.html', 'https://sg.finance.yahoo.com/news/does-sense-buy-strata-landed-230000126.html', 'https://sg.finance.yahoo.com/news/only-15-strata-houses-left-213000486.html', 'https://sg.finance.yahoo.com/news/oxley-builds-singapore-quality-track-020000148.html', 'https://sg.finance.yahoo.com/news/two-freehold-retail-units-oxley-054329850.html', 'https://sg.finance.yahoo.com/news/oxley-1953-showcases-modern-vintage-055512140.html']"
5VC.SI,[]
5VI.SI,[]
5VJ.SI,[]
5VP.SI,[]
5VS.SI,[]
5WA.SI,[]
5WE.SI,[]
5WF.SI,[]
5WG.SI,[]
5WH.SI,[]
5WJ.SI,[]
5WV.SI,[]
600.SI,[]
8A1.SI,[]
8AZ.SI,[]
8K7.SI,[]
8YY.SI,[]
9CI.SI,['https://sg.finance.yahoo.com/news/bored-of-builders-singapore-millennials-get-their-own-blackstone-030528553.html']
A04.SI,[]
A05.SI,[]
A17U.SI,"['https://sg.finance.yahoo.com/news/emerging-markets-asian-fx-stocks-081815489.html', 'https://sg.finance.yahoo.com/news/emerging-markets-indonesia-stocks-rupiah-052115844.html', 'https://sg.finance.yahoo.com/news/emerging-markets-ringgit-leads-gains-050356777.html', 'https://sg.finance.yahoo.com/news/ascendas-reit-divests-three-australian-035204353.html', 'https://sg.finance.yahoo.com/news/emerging-markets-south-korea-taiwan-053802205.html', 'https://sg.finance.yahoo.com/news/5-reasons-ascendas-reit-latest-010055264.html', 'https://sg.finance.yahoo.com/news/emerging-markets-thai-baht-shares-055339122.html', 'https://sg.finance.yahoo.com/news/ascendas-reit-acquire-remaining-75-013150727.html', 'https://sg.finance.yahoo.com/news/1-top-singapore-developers-shares-013704341.html']"
A26.SI,"['https://sg.finance.yahoo.com/news/mitbana-sinar-mas-land-unveil-074704072.html', 'https://sg.finance.yahoo.com/news/surbana-jurong-mitsubishi-sinarmas-land-033819126.html']"
A30.SI,[]
A31.SI,[]
A33.SI,[]
A34.SI,[]
A35.SI,[]
A50.SI,[]
A52.SI,[]
A55.SI,[]
A75.SI,[]
A78.SI,[]
A7RU.SI,[]
AAJ.SI,[]
ACV,[]
ADJ,[]
ADN,"['https://sg.finance.yahoo.com/news/advent-technologies-signs-memorandum-understanding-134500484.html', 'https://sg.finance.yahoo.com/news/advent-technologies-signs-contracts-worth-134500272.html', 'https://sg.finance.yahoo.com/news/advent-technologies-supply-sereneu-fuel-134500713.html', 'https://sg.finance.yahoo.com/news/advent-technologies-announces-signing-distribution-134500838.html', 'https://sg.finance.yahoo.com/news/rivercell-consortium-announces-successful-demonstration-141500079.html', 'https://sg.finance.yahoo.com/news/advent-technologies-signs-memorandum-understanding-140000030.html', 'https://sg.finance.yahoo.com/news/advent-technologies-reports-q3-2021-120000068.html', 'https://sg.finance.yahoo.com/news/advent-technologies-announces-date-third-130000693.html', 'https://sg.finance.yahoo.com/news/advent-technologies-announces-successful-installation-130000404.html', 'https://sg.finance.yahoo.com/news/advent-technologies-celebrates-national-hydrogen-110000025.html']"
ADP,"['https://sg.finance.yahoo.com/news/us-economy-is-witnessing-one-of-the-most-fertile-jobs-markets-in-a-generation-black-rock-172229608.html', 'https://sg.finance.yahoo.com/news/bbsi-vs-adp-stock-value-164004375.html', 'https://sg.finance.yahoo.com/news/stock-market-news-mar-3-141602974.html', 'https://sg.finance.yahoo.com/news/zacks-com-featured-highlights-east-110811388.html', 'https://sg.finance.yahoo.com/news/adp-adp-1-9-since-163004806.html', 'https://sg.finance.yahoo.com/news/zacks-com-featured-highlights-east-095209295.html', 'https://sg.finance.yahoo.com/news/zacks-industry-outlook-highlights-automatic-170505243.html', 'https://sg.finance.yahoo.com/news/weekly-jobless-claims-lower-expected-160304414.html', 'https://sg.finance.yahoo.com/news/jobless-claims-show-omicron-recessing-154203176.html', 'https://sg.finance.yahoo.com/news/stock-market-news-feb-3-134101997.html']"
AFC.SI,[]
AGS,"['https://sg.finance.yahoo.com/news/playags-ags-report-negative-earnings-200008104.html', 'https://sg.finance.yahoo.com/news/cable-one-cabo-q4-earnings-010001682.html', 'https://sg.finance.yahoo.com/news/does-playags-ags-potential-rally-150003814.html', 'https://sg.finance.yahoo.com/news/discovery-disca-q4-earnings-miss-143002370.html', 'https://sg.finance.yahoo.com/news/imaxs-q4-earnings-beat-estimates-132701122.html', 'https://sg.finance.yahoo.com/news/playags-ags-stock-outpacing-consumer-144002386.html', 'https://sg.finance.yahoo.com/news/camping-world-cwh-report-q4-145802954.html', 'https://sg.finance.yahoo.com/news/hilton-hlt-gears-q4-earnings-170405621.html', 'https://sg.finance.yahoo.com/news/looking-top-momentum-pick-why-170005778.html', 'https://sg.finance.yahoo.com/news/hyatt-h-announce-q4-earnings-142602380.html']"
AIY.SI,['https://sg.finance.yahoo.com/news/singapore-ifast-up-544-in-a-year-eyes-china-for-more-gains-045444948.html']
AJ2.SI,[]
AJBU.SI,"['https://sg.finance.yahoo.com/news/keppel-dc-reit-acquires-third-110102063.html', 'https://sg.finance.yahoo.com/news/keppel-dc-reit-acquires-first-042022788.html']"
AOF.SI,['https://sg.finance.yahoo.com/news/singapore-bank-dbs-starts-trading-023641211.html']
AP4.SI,[]
AU8U.SI,[]
AUE.SI,[]
AVM,[]
AVX.SI,[]
AW9U.SI,"[""https://sg.finance.yahoo.com/m/4e30fddc-c215-30a1-93a3-6b99258b8087/here's-the-first-reit-i-ever.html""]"
AWC,['https://sg.finance.yahoo.com/m/fcd9f4ef-a98b-3502-b0ee-91e6bc25956a/coup-in-guinea-sends.html']
AWE.SI,[]
AWG.SI,[]
AWI,"['https://sg.finance.yahoo.com/news/armstrong-world-awi-introduces-five-230011732.html', 'https://sg.finance.yahoo.com/news/oc-vs-awi-stock-better-164004685.html', 'https://sg.finance.yahoo.com/news/factors-setting-tone-sterlings-strl-145502150.html', 'https://sg.finance.yahoo.com/news/emcor-eme-stock-declines-q4-120712334.html', 'https://sg.finance.yahoo.com/news/gibraltar-rock-stock-down-earnings-142702543.html', 'https://sg.finance.yahoo.com/news/armstrong-world-awi-q4-earnings-145402423.html', 'https://sg.finance.yahoo.com/news/armstrong-world-industries-awi-q4-122512190.html', 'https://sg.finance.yahoo.com/news/owens-corning-oc-q4-earnings-121512847.html', 'https://sg.finance.yahoo.com/news/armstrong-world-industries-awi-earnings-200108866.html', 'https://sg.finance.yahoo.com/news/why-armstrong-world-industries-awi-163104695.html']"
AWK,"['https://sg.finance.yahoo.com/m/72131c0d-610d-3bcb-9eba-4f556a7dc962/american-water-earnings.html', 'https://sg.finance.yahoo.com/news/american-water-awk-q4-earnings-165304869.html', 'https://sg.finance.yahoo.com/news/american-water-works-awk-q4-225510728.html', 'https://sg.finance.yahoo.com/news/american-water-awk-report-q4-163704172.html', 'https://sg.finance.yahoo.com/news/american-water-works-awk-reports-200108546.html', 'https://sg.finance.yahoo.com/news/american-waters-awk-missouri-arm-150403517.html', 'https://sg.finance.yahoo.com/m/5648db46-bb80-3160-86eb-761b17950515/american-water-works.html', 'https://sg.finance.yahoo.com/news/american-water-awk-jersey-arm-164404018.html', 'https://sg.finance.yahoo.com/news/one-gas-ogs-gain-regulated-150003896.html', 'https://sg.finance.yahoo.com/news/california-waters-cwt-investments-rate-215709486.html']"
AWM,[]
AWS,[]
AWV.SI,[]
AWX,[]
AWZ.SI,[]
AXB.SI,[]
AYD,[]
AYN.SI,[]
AYV.SI,[]
AZA,[]
AZG,"['https://sg.finance.yahoo.com/news/deals-day-mergers-acquisitions-143128843.html', 'https://sg.finance.yahoo.com/m/3d65a5d1-6ce0-3ee8-a0ce-4a309816977f/acacia-research-corp-(actg).html', 'https://sg.finance.yahoo.com/news/acacia-research-reports-third-quarter-210600330.html', 'https://sg.finance.yahoo.com/news/acacia-research-announces-licensing-agreement-142000250.html', 'https://sg.finance.yahoo.com/news/acacia-research-release-third-quarter-100000081.html', 'https://sg.finance.yahoo.com/news/acacia-research-acquires-printronix-leading-120500533.html', 'https://sg.finance.yahoo.com/news/acacia-portfolio-holding-oxford-nanopore-120400358.html', 'https://sg.finance.yahoo.com/m/b2058e04-22de-381f-8b6e-dc1503bb5319/acacia-research-corp-(actg).html', 'https://sg.finance.yahoo.com/news/acacia-research-reports-second-quarter-120000833.html', 'https://sg.finance.yahoo.com/news/acacia-research-release-second-quarter-100000708.html']"
AZR,"['https://sg.finance.yahoo.com/m/b4cda060-5190-38f7-94a0-299085255449/azure-power-global-limited.html', 'https://sg.finance.yahoo.com/news/solaredge-technologies-sedg-lags-q4-222510279.html', 'https://sg.finance.yahoo.com/news/sunpower-spwr-set-post-q4-144902098.html', 'https://sg.finance.yahoo.com/news/azure-power-azre-report-negative-200108338.html', 'https://sg.finance.yahoo.com/news/wall-street-analysts-see-103-150003241.html', 'https://sg.finance.yahoo.com/m/ec91e482-a43c-3a5e-bc00-6478f2691c8c/azure-power-global-limited.html', 'https://sg.finance.yahoo.com/news/azure-power-global-azre-q2-154603859.html', 'https://sg.finance.yahoo.com/news/analysts-estimate-azure-power-azre-190207929.html', 'https://sg.finance.yahoo.com/news/azure-power-global-azre-q1-133601890.html', 'https://sg.finance.yahoo.com/m/3f60d96c-cccc-3323-9657-991187e0af8e/azure-power-global-limited.html']"
AZT,[]
B0Z.SI,[]
B26.SI,[]
B28.SI,[]
B49.SI,[]
B58.SI,[]
B61.SI,[]
B69.SI,[]
B73.SI,[]
B9S.SI,[]
BAC,"[""https://sg.finance.yahoo.com/m/5e8619ac-8714-3e3f-8e89-49b378a52cb4/87%25-of-warren-buffett's.html"", 'https://sg.finance.yahoo.com/news/american-express-halts-relationships-with-russia-bank-partners-004919865.html', 'https://sg.finance.yahoo.com/news/bof-a-homebuilders-now-favorable-and-cheaper-than-they-appear-204730462.html', 'https://sg.finance.yahoo.com/video/financial-stocks-plunge-treasury-yields-192114758.html', 'https://sg.finance.yahoo.com/m/e92c180d-fa8b-38d8-8596-3066493d9563/why-shares-of-bank-of.html', 'https://sg.finance.yahoo.com/news/bank-america-bac-dips-more-224510450.html', 'https://sg.finance.yahoo.com/video/russia-going-pretty-beat-hacker-202342979.html', 'https://sg.finance.yahoo.com/m/d724e26b-0103-39a5-bbb8-3ce56df2e8e0/who-will-benefit-more-from.html', 'https://sg.finance.yahoo.com/video/oil-gas-banking-sanctions-real-185146809.html', 'https://sg.finance.yahoo.com/m/5caec68d-f015-3fe2-b9b1-f55f0785555e/why-shares-of-bank-of.html']"
BAI.SI,[]
BAZ.SI,[]
BBP,[]
BBW,"['https://sg.finance.yahoo.com/news/build-bear-bbw-dips-more-231511317.html', 'https://sg.finance.yahoo.com/news/build-bear-bbw-outperforming-other-144002060.html', 'https://sg.finance.yahoo.com/news/despite-fast-paced-momentum-build-135001300.html', 'https://sg.finance.yahoo.com/news/build-bear-workshop-inc-announces-210500715.html', 'https://sg.finance.yahoo.com/news/build-bear-bbw-stock-moves-231511665.html', 'https://sg.finance.yahoo.com/news/dillards-dds-q4-earnings-sales-152303422.html', 'https://sg.finance.yahoo.com/news/zacks-com-featured-highlights-stonex-151903261.html', 'https://sg.finance.yahoo.com/news/5-stocks-recent-price-strength-123712653.html', 'https://sg.finance.yahoo.com/news/kar-auction-services-kar-surpasses-000512022.html', 'https://sg.finance.yahoo.com/news/build-bear-bbw-outpaces-stock-231511315.html']"
BCD,[]
BCV,"['https://sg.finance.yahoo.com/news/bancroft-fund-ltd-declares-distribution-132300928.html', 'https://sg.finance.yahoo.com/news/bancroft-fund-ltd-declares-distribution-133500806.html']"
BCY.SI,[]
BCZ,"['https://sg.finance.yahoo.com/news/telus-tu-augments-wi-fi-133001092.html', 'https://sg.finance.yahoo.com/news/telus-tu-concludes-900m-sustainability-141602501.html', 'https://sg.finance.yahoo.com/news/vivhy-tu-better-value-stock-164004682.html', 'https://sg.finance.yahoo.com/news/telus-tu-q4-earnings-miss-183006259.html', 'https://sg.finance.yahoo.com/news/telus-tu-q4-earnings-lag-130501764.html', 'https://sg.finance.yahoo.com/news/buy-telus-corporation-tu-ahead-151603235.html', 'https://sg.finance.yahoo.com/news/telus-tu-earnings-expected-grow-200108981.html', 'https://sg.finance.yahoo.com/news/bce-bce-q4-earnings-revenues-151503742.html', 'https://sg.finance.yahoo.com/news/dtegy-tu-better-value-stock-164004667.html', 'https://sg.finance.yahoo.com/news/telus-tu-expands-5g-network-140902049.html']"
BDA.SI,[]
BDF,[]
BDN,"['https://sg.finance.yahoo.com/news/brandywine-realty-trust-bdn-meets-230511773.html', 'https://sg.finance.yahoo.com/m/6dff9d03-892d-33a8-be3c-5bc59639a9ad/brandywine-realty-trust-reit.html', 'https://sg.finance.yahoo.com/news/brandywine-realty-trust-bdn-q3-213509996.html', 'https://sg.finance.yahoo.com/m/8f9e1326-4c8f-3949-9a9c-28b2574e8c0b/is-brandywine-realty-trust-a.html', 'https://sg.finance.yahoo.com/m/012a1798-c52d-3868-9771-5573383379c0/brandywine-realty-trust-reit.html', 'https://sg.finance.yahoo.com/news/brandywine-realty-trust-bdn-matches-214509951.html', 'https://sg.finance.yahoo.com/news/value-investors-pick-brandywine-bdn-135001870.html', 'https://sg.finance.yahoo.com/m/8ce59dc7-da0c-323a-abc2-4dfd8e85c8aa/3-office-reits-to-buy-in-july.html', 'https://sg.finance.yahoo.com/m/f28915a8-0e89-3e99-83c1-3ee0e812bffc/brandywine-realty-trust-(bdn).html', 'https://sg.finance.yahoo.com/news/brandywine-realty-trust-bdn-tops-221510325.html']"
BDR,[]
BDU.SI,[]
BDX,"['https://sg.finance.yahoo.com/m/d3fc341b-4c83-3433-88df-9ef7cb500ed8/scared-of-a-bear-market%3F-buy.html', 'https://sg.finance.yahoo.com/news/becton-dickinson-bdx-crossed-above-150003613.html', 'https://sg.finance.yahoo.com/news/invested-1000-becton-dickinson-10-133001463.html', 'https://sg.finance.yahoo.com/news/heres-why-retain-bd-bdx-162504484.html', 'https://sg.finance.yahoo.com/news/big-money-favors-becton-dickinson-114335204.html', 'https://sg.finance.yahoo.com/m/1b81ab7e-0c70-3d8c-84ab-220e208e4757/these-2-stock-winners-are.html', 'https://sg.finance.yahoo.com/news/bd-bdx-beats-q1-earnings-183306859.html', 'https://sg.finance.yahoo.com/news/becton-dickinson-bdx-surpasses-q1-124512303.html', 'https://sg.finance.yahoo.com/news/buy-becton-dickinson-company-bdx-142102229.html', 'https://sg.finance.yahoo.com/news/bd-bdx-gears-q1-earnings-165504308.html']"
BEC,"['https://sg.finance.yahoo.com/m/d3fc341b-4c83-3433-88df-9ef7cb500ed8/scared-of-a-bear-market%3F-buy.html', 'https://sg.finance.yahoo.com/news/becton-dickinson-bdx-crossed-above-150003613.html', 'https://sg.finance.yahoo.com/news/invested-1000-becton-dickinson-10-133001463.html', 'https://sg.finance.yahoo.com/news/heres-why-retain-bd-bdx-162504484.html', 'https://sg.finance.yahoo.com/news/big-money-favors-becton-dickinson-114335204.html', 'https://sg.finance.yahoo.com/m/1b81ab7e-0c70-3d8c-84ab-220e208e4757/these-2-stock-winners-are.html', 'https://sg.finance.yahoo.com/news/bd-bdx-beats-q1-earnings-183306859.html', 'https://sg.finance.yahoo.com/news/becton-dickinson-bdx-surpasses-q1-124512303.html', 'https://sg.finance.yahoo.com/news/buy-becton-dickinson-company-bdx-142102229.html', 'https://sg.finance.yahoo.com/news/bd-bdx-gears-q1-earnings-165504308.html']"
BEH.SI,[]
BEI,"['https://sg.finance.yahoo.com/news/beigene-announces-health-canada-approval-120000126.html', 'https://sg.finance.yahoo.com/news/beigene-present-cowen-42nd-annual-103000549.html', 'https://sg.finance.yahoo.com/news/beigene-reports-fourth-quarter-full-120000790.html', 'https://sg.finance.yahoo.com/news/beigene-announces-u-fda-acceptance-120000890.html', 'https://sg.finance.yahoo.com/news/beigene-announces-european-medicines-agency-120000924.html', 'https://sg.finance.yahoo.com/news/beigene-announces-approval-brukinsa-zanubrutinib-100000967.html', 'https://sg.finance.yahoo.com/news/beigene-present-guggenheim-healthcare-talks-110000774.html', 'https://sg.finance.yahoo.com/news/drs-margaret-dugan-alessandro-riva-120000355.html', 'https://sg.finance.yahoo.com/news/beigene-announces-acceptance-supplemental-drug-100000951.html', 'https://sg.finance.yahoo.com/news/beigene-announces-positive-findings-phase-100000175.html', 'https://sg.finance.yahoo.com/news/beigene-announces-acceptance-supplemental-drug-100000372.html', 'https://sg.finance.yahoo.com/m/19a961ce-209e-36fa-932d-18311034850c/why-leap-therapeutics-stock.html', 'https://sg.finance.yahoo.com/m/41da568f-f6ed-3496-8b4f-b65610adb67a/2-risky-growth-stocks-that.html', 'https://sg.finance.yahoo.com/news/beigene-present-j-p-morgan-123000825.html', 'https://sg.finance.yahoo.com/news/china-nmpa-approves-tislelizumab-second-083000841.html', 'https://sg.finance.yahoo.com/news/goldman-sachs-gamestop-repligen-sarepta-145002869.html', 'https://sg.finance.yahoo.com/news/3-biotech-stocks-worth-adding-151503716.html', 'https://sg.finance.yahoo.com/news/novartis-nvs-collaborates-beigene-oncology-154203500.html', 'https://sg.finance.yahoo.com/news/beigene-expands-collaboration-novartis-develop-111500627.html', 'https://sg.finance.yahoo.com/news/beigene-announces-launch-bioisland-innovation-090000746.html', 'https://sg.finance.yahoo.com/m/a284be4f-92bf-34ce-893b-3fa4c3ae23b6/why-shares-of-beigene-and-zai.html', 'https://sg.finance.yahoo.com/news/beigene-announces-authorisation-brukinsa-zanubrutinib-090000008.html', 'https://sg.finance.yahoo.com/news/beigene-announces-closing-rmb22-2-040000823.html', 'https://sg.finance.yahoo.com/news/nanjing-leads-biolabs-beigene-announce-040000781.html', 'https://sg.finance.yahoo.com/news/beigene-presents-results-sequoia-trial-143000877.html', 'https://sg.finance.yahoo.com/news/beigene-presents-updated-safety-efficacy-143000387.html', 'https://sg.finance.yahoo.com/news/beigene-presents-results-phase-3-080000961.html', 'https://sg.finance.yahoo.com/news/beigene-eusa-pharma-announce-nmpa-040000437.html', 'https://sg.finance.yahoo.com/news/beigene-announces-inclusion-china-national-040000155.html', 'https://sg.finance.yahoo.com/news/beigene-present-clinical-data-tislelizumab-080000562.html', 'https://sg.finance.yahoo.com/news/beigene-announces-pricing-rmb22-2-140000200.html', 'https://sg.finance.yahoo.com/news/beigene-announces-approval-brukinsa-zanubrutinib-220000009.html', 'https://sg.finance.yahoo.com/news/beigene-launches-proposed-initial-public-131500790.html', 'https://sg.finance.yahoo.com/news/beigene-closes-property-u-manufacturing-120000800.html', 'https://sg.finance.yahoo.com/news/beigene-initiates-first-human-phase-120000239.html', 'https://sg.finance.yahoo.com/news/beigene-newbridge-pharmaceuticals-announce-approval-000000847.html', 'https://sg.finance.yahoo.com/news/beigene-reports-third-quarter-2021-200500927.html', 'https://sg.finance.yahoo.com/news/beigene-present-clinical-data-brukinsa-130000132.html', 'https://sg.finance.yahoo.com/news/beigene-nanolek-announce-approval-russia-110000145.html', 'https://sg.finance.yahoo.com/news/beigene-announces-brukinsa-zanubrutinib-approved-210000557.html', 'https://sg.finance.yahoo.com/news/beigene-announces-brukinsa-zanubrutinib-approved-210000685.html', 'https://sg.finance.yahoo.com/news/beigene-announces-first-regulatory-approval-200600502.html', 'https://sg.finance.yahoo.com/m/e5662af0-b991-35bd-b8e6-a447b0a1c8f1/this-potential-indication.html', 'https://sg.finance.yahoo.com/news/beigene-announces-inclusion-ftse-russell-110000862.html', ""https://sg.finance.yahoo.com/m/ba10e270-2c33-3c66-8ebb-8dc5c0160d1a/why-beigene's-shares-jumped.html"", 'https://sg.finance.yahoo.com/news/beigene-receives-positive-chmp-opinion-120000804.html', 'https://sg.finance.yahoo.com/news/beigene-bgne-scores-third-fda-150303311.html', 'https://sg.finance.yahoo.com/news/analysis-chinas-biotech-sector-comes-230728941.html', 'https://sg.finance.yahoo.com/m/08440674-35d3-365e-af11-86e0f8093d40/3-top-chinese-stocks-to-watch.html', 'https://sg.finance.yahoo.com/news/u-fda-grants-brukinsa-zanubrutinib-110000666.html', 'https://sg.finance.yahoo.com/news/beigenes-bgne-bla-tislelizumab-escc-153503542.html', 'https://sg.finance.yahoo.com/news/beigene-announces-u-fda-acceptance-040000360.html', 'https://sg.finance.yahoo.com/news/beigene-present-latest-findings-robust-220500177.html', 'https://sg.finance.yahoo.com/m/8d9e7867-0341-3f87-8810-ce98bd309855/why-beigene-stock-is-soaring.html', 'https://sg.finance.yahoo.com/news/beigene-bgne-gets-fda-nod-141102253.html', 'https://sg.finance.yahoo.com/news/u-fda-grants-brukinsa-zanubrutinib-213300292.html', 'https://sg.finance.yahoo.com/news/beigene-announces-acceptance-supplemental-biologics-230000489.html', 'https://sg.finance.yahoo.com/news/beigene-announces-acceptance-swissmedic-marketing-050000795.html', 'https://sg.finance.yahoo.com/news/beigene-eusa-pharma-announce-china-132300432.html', 'https://sg.finance.yahoo.com/news/beigene-host-investor-conference-call-110000131.html']"
BEV,"['https://sg.finance.yahoo.com/news/fmx-vs-mnst-stock-value-164004973.html', 'https://sg.finance.yahoo.com/m/36772b5d-7c70-3622-83fe-11480d52bffb/can-celsius-justify-its.html', 'https://sg.finance.yahoo.com/news/monster-beverage-mnst-q4-earnings-153603476.html', 'https://sg.finance.yahoo.com/news/monster-beverage-mnst-meets-q4-225010040.html', 'https://sg.finance.yahoo.com/news/best-oversold-stocks-buy-march-165135455.html', 'https://sg.finance.yahoo.com/news/heres-monster-beverage-mnst-looks-150103939.html', 'https://sg.finance.yahoo.com/news/earnings-preview-monster-beverage-mnst-200208698.html', 'https://sg.finance.yahoo.com/video/monster-beverage-merger-talks-constellation-151802127.html', 'https://sg.finance.yahoo.com/news/monster-jumps-reports-mergers-talks-095032716.html', 'https://sg.finance.yahoo.com/news/marriott-intel-rivian-rise-premarket-075651062.html']"
BEW,[]
BEZ.SI,[]
BFI,"['https://sg.finance.yahoo.com/news/butterfly-network-reports-fourth-quarter-130000663.html', 'https://sg.finance.yahoo.com/news/butterfly-network-introduces-butterfly-blueprint-124500743.html', 'https://sg.finance.yahoo.com/news/butterfly-network-present-42nd-annual-213000045.html', 'https://sg.finance.yahoo.com/news/butterfly-network-inc-report-fourth-211500788.html', 'https://sg.finance.yahoo.com/news/butterfly-network-announces-partnership-ambra-133000526.html', 'https://sg.finance.yahoo.com/news/akero-therapeutics-inc-akro-outperforming-144002321.html', 'https://sg.finance.yahoo.com/m/5a539a96-cd93-3179-b6d1-3213d47088e5/why-butterfly-network-stock.html', 'https://sg.finance.yahoo.com/news/butterfly-network-inc-announces-preliminary-134500869.html', 'https://sg.finance.yahoo.com/news/university-rochester-medical-center-deploy-133000638.html', 'https://sg.finance.yahoo.com/news/butterfly-network-present-40th-annual-221500199.html']"
BFK,['https://sg.finance.yahoo.com/news/distribution-dates-amounts-announced-certain-213000677.html']
BFT.SI,[]
BFU.SI,[]
BGK,[]
BGO,['https://sg.finance.yahoo.com/news/bango-final-results-092200631.html']
BHD.SI,[]
BHK,['https://sg.finance.yahoo.com/news/distribution-dates-amounts-announced-certain-220000279.html']
BHU.SI,[]
BIP,"['https://sg.finance.yahoo.com/m/e2f9635a-0c95-32c4-8cd5-04b722ef8f37/this-stock-has-been.html', 'https://sg.finance.yahoo.com/m/ae5cddff-c7da-345c-a07c-6057fff68981/these-5-stocks-will-make-me.html', 'https://sg.finance.yahoo.com/m/c23cc413-3219-3aeb-992c-612b93f96752/3-under-the-radar-dividend.html', 'https://sg.finance.yahoo.com/m/36f0a3fd-0232-3910-b34e-ce53576d1cec/3-no-brainer-dividend-stocks.html', 'https://sg.finance.yahoo.com/m/cca31c9b-a39b-34d7-af7d-d34364b17dcf/inflation-is-giving-this.html', 'https://sg.finance.yahoo.com/news/utilities-stocks-undervalued-now-144002207.html', 'https://sg.finance.yahoo.com/m/f5a58103-cc1c-3787-bda2-eb12a686d99a/have-%241%2C000%3F-2-all-weather.html', 'https://sg.finance.yahoo.com/m/2aeae271-ab25-3894-8e93-fd750441c338/3-dividend-stocks-to-buy-hand.html', 'https://sg.finance.yahoo.com/m/dfb23d66-b26e-3a32-9879-499807a04f47/3-infrastructure-stocks-to.html', 'https://sg.finance.yahoo.com/m/ca258b64-4210-3f1f-a858-3a087e1b5149/22-top-dividend-stocks-to-buy.html']"
BIX.SI,[]
BJD.SI,[]
BJV,[]
BJW.SI,[]
BJZ,[]
BKA.SI,[]
BKK.SI,[]
BKV.SI,[]
BKW.SI,[]
BKX.SI,[]
BKZ.SI,[]
BLA.SI,[]
BLH,[]
BLR,['https://sg.finance.yahoo.com/news/strong-sell-stocks-june-4th-130401095.html']
BLS,[]
BLU,"['https://sg.finance.yahoo.com/news/bellus-health-participate-cowen-co-120000916.html', 'https://sg.finance.yahoo.com/news/bellus-health-blu-reports-q4-020002370.html', 'https://sg.finance.yahoo.com/news/bellus-health-reports-2021-financial-210100179.html', 'https://sg.finance.yahoo.com/news/know-bellus-blu-rating-upgrade-170005278.html', 'https://sg.finance.yahoo.com/news/bellus-health-closes-us-200-143000648.html', 'https://sg.finance.yahoo.com/news/bellus-health-announces-pricing-us-022500058.html', 'https://sg.finance.yahoo.com/news/bellus-blu-stock-surges-data-221910853.html', 'https://sg.finance.yahoo.com/news/bellus-health-announces-launch-public-210100704.html', ""https://sg.finance.yahoo.com/m/b66dfae1-dc0f-35f3-80a8-83df59d3ec85/here's-why-bellus-health-is.html"", 'https://sg.finance.yahoo.com/news/iiroc-trade-resumption-blu-151800855.html']"
BLW,['https://sg.finance.yahoo.com/news/distribution-dates-amounts-announced-certain-220000279.html']
BLZ,"['https://sg.finance.yahoo.com/news/backblaze-announce-fourth-quarter-2021-211000651.html', 'https://sg.finance.yahoo.com/news/backblaze-kasten-veeam-offer-expanded-161500750.html', 'https://sg.finance.yahoo.com/news/backblaze-announces-third-quarter-2021-215900595.html', 'https://sg.finance.yahoo.com/news/backblaze-announce-third-quarter-2021-214100377.html', 'https://sg.finance.yahoo.com/m/5a832354-eb91-312f-a148-3999a6d35e54/up-more-than-100%25-from-its.html', 'https://sg.finance.yahoo.com/news/backblaze-announces-pricing-initial-public-020500366.html']"
BMGU.SI,[]
BMT,['https://sg.finance.yahoo.com/news/bmtx-merger-investigation-halper-sadeh-215300956.html']
BN2.SI,[]
BN4.SI,"['https://sg.finance.yahoo.com/news/keppel-group-signs-mous-sovico-021838449.html', 'https://sg.finance.yahoo.com/news/1-singapore-press-terminate-keppels-014546872.html', 'https://sg.finance.yahoo.com/news/singapore-press-holdings-says-terminate-011412034.html', 'https://sg.finance.yahoo.com/news/woodside-keppel-study-hydrogen-supply-034811887.html', 'https://sg.finance.yahoo.com/news/keppel-shareholders-approve-bid-to-buy-singapore-press-062351721.html', 'https://sg.finance.yahoo.com/news/deals-day-mergers-acquisitions-105635728.html', 'https://sg.finance.yahoo.com/news/1-temasek-linked-consortium-hikes-003403149.html', 'https://sg.finance.yahoo.com/news/1-conglomerate-keppel-sweetens-offer-023436707.html', 'https://sg.finance.yahoo.com/news/1-temasek-linked-consortium-makes-045536443.html', 'https://sg.finance.yahoo.com/news/temasek-backed-consortium-makes-2-031411516.html']"
BNE,[]
BOU,[]
BPF.SI,[]
BQC.SI,[]
BQD.SI,[]
BQF.SI,[]
BQM.SI,[]
BQN.SI,[]
BQP,[]
BRD,"['https://sg.finance.yahoo.com/video/stocks-close-off-lows-crude-211812425.html', 'https://sg.finance.yahoo.com/video/sanctions-russia-impacting-oil-prices-192923166.html', 'https://sg.finance.yahoo.com/video/market-strategist-oil-prices-may-170107584.html', 'https://sg.finance.yahoo.com/news/commodities-oil-wheat-aluminium-palladium-biggest-weekly-surge-50-years-121333300.html', 'https://sg.finance.yahoo.com/video/people-wrong-u-energy-independence-211840014.html', 'https://sg.finance.yahoo.com/video/energy-sector-continues-bullish-run-195154221.html', 'https://sg.finance.yahoo.com/video/gas-prices-become-increasing-liability-184333059.html', 'https://sg.finance.yahoo.com/video/market-check-stocks-turn-lower-173200627.html', 'https://sg.finance.yahoo.com/news/investors-uk-markets-retail-funds-ukraine-russia-war-inflation-153553459.html', 'https://sg.finance.yahoo.com/video/russian-oil-europe-stranglehold-bill-110000136.html']"
BRS.SI,[]
BS6.SI,"['https://sg.finance.yahoo.com/news/emerging-markets-singapore-dollar-gains-042034904.html', 'https://sg.finance.yahoo.com/news/emerging-markets-indonesian-shares-lead-072737671.html', 'https://sg.finance.yahoo.com/news/emerging-markets-evergrandes-assurance-helps-053156673.html', 'https://sg.finance.yahoo.com/news/emerging-markets-singapore-shares-tumble-083636432.html', 'https://sg.finance.yahoo.com/news/emerging-markets-asian-currencies-decline-062157457.html', 'https://sg.finance.yahoo.com/news/emerging-markets-asia-fx-falls-042546725.html', 'https://sg.finance.yahoo.com/news/emerging-markets-malaysian-ringgit-10-082145277.html', 'https://sg.finance.yahoo.com/news/emerging-markets-malaysian-shares-fall-045815983.html', 'https://sg.finance.yahoo.com/news/emerging-markets-south-korea-taiwan-053802205.html']"
BSL,[]
BTE.SI,['https://sg.finance.yahoo.com/news/artius-announces-expected-closing-business-110000122.html']
BTF,"['https://sg.finance.yahoo.com/video/ftx-expanding-luxury-brand-markets-210753225.html', 'https://sg.finance.yahoo.com/video/evading-sanctions-primary-factor-ransomware-205626526.html', 'https://sg.finance.yahoo.com/news/valkyrie-boasts-1-b-in-bitcoin-assets-as-crypto-winter-shows-signs-of-thawing-153711464.html', 'https://sg.finance.yahoo.com/video/investing-crypto-platforms-selling-blue-183956352.html', 'https://sg.finance.yahoo.com/video/bitcoin-mining-marathon-digital-holdings-210043079.html', 'https://sg.finance.yahoo.com/video/crypto-super-bowl-ads-likely-185751405.html', 'https://sg.finance.yahoo.com/video/sec-commissioner-details-dissent-policy-174233839.html', 'https://sg.finance.yahoo.com/video/fed-digital-dollar-won-t-201441827.html', 'https://sg.finance.yahoo.com/news/bitcoin-rout-subsequent-bounce-show-cryptos-constant-state-of-price-discovery-235416203.html', 'https://sg.finance.yahoo.com/video/bitcoin-price-drop-continues-risk-174201766.html']"
BTG,"['https://sg.finance.yahoo.com/news/b2gold-btg-earnings-miss-sales-151503268.html', 'https://sg.finance.yahoo.com/news/aurion-b2gold-jv-intersects-additional-114500268.html', 'https://sg.finance.yahoo.com/news/b2gold-fourth-quarter-2021-financial-221500819.html', 'https://sg.finance.yahoo.com/news/earnings-preview-b2gold-btg-q4-200108685.html', 'https://sg.finance.yahoo.com/news/b2gold-announces-receipt-menankoto-permit-083000338.html', 'https://sg.finance.yahoo.com/news/b2gold-btg-reports-high-q4-144402303.html', 'https://sg.finance.yahoo.com/news/b2gold-reports-strong-q4-2021-083000554.html', 'https://sg.finance.yahoo.com/news/b2gold-says-mali-mine-unaffected-091630817.html', 'https://sg.finance.yahoo.com/news/investors-undervaluing-basic-materials-stocks-144002562.html', 'https://sg.finance.yahoo.com/news/b2gold-announces-cdn-1-000-050900706.html']"
BTJ.SI,[]
BTM.SI,[]
BTOU.SI,[]
BTP,[]
BTX,"['https://sg.finance.yahoo.com/news/brooklyn-immunotherapeutics-ceo-howard-j-180300069.html', 'https://sg.finance.yahoo.com/news/brooklyn-immunotherapeutics-strengthens-investment-licensed-185800010.html', 'https://sg.finance.yahoo.com/news/michael-andreeff-m-d-ph-113000707.html', 'https://sg.finance.yahoo.com/news/brooklyn-immunotherapeutics-conduct-shareholder-conference-113000431.html', 'https://sg.finance.yahoo.com/news/brooklyn-immunotherapeutics-announces-publication-results-113000933.html', 'https://sg.finance.yahoo.com/news/erich-mohr-ph-d-join-113000029.html', 'https://sg.finance.yahoo.com/news/brooklyn-immunotherapeutics-acquires-license-mrna-113000396.html', 'https://sg.finance.yahoo.com/news/matthew-during-m-d-ph-113000756.html', 'https://sg.finance.yahoo.com/news/brooklyn-immunotherapeutics-reports-inducement-grants-201000381.html', 'https://sg.finance.yahoo.com/news/brooklyn-immunotherapeutics-pays-1-million-201000710.html']"
BTY.SI,[]
BUOU.SI,[]
BVA.SI,"['https://sg.finance.yahoo.com/news/emerging-markets-thai-baht-korean-042742324.html', 'https://sg.finance.yahoo.com/news/emerging-markets-asian-stocks-currencies-043922140.html', 'https://sg.finance.yahoo.com/news/emerging-markets-asian-fx-equities-071825906.html', 'https://sg.finance.yahoo.com/news/top-glove-shareholders-approve-473-064629011.html', 'https://sg.finance.yahoo.com/news/emerging-markets-asian-stocks-steady-081546740.html', 'https://sg.finance.yahoo.com/news/emerging-markets-jakarta-stocks-rupiah-080428160.html', 'https://sg.finance.yahoo.com/news/emerging-markets-indonesia-stocks-rupiah-052115844.html', 'https://sg.finance.yahoo.com/news/malaysias-top-glove-quarterly-earnings-054315756.html', 'https://sg.finance.yahoo.com/news/emerging-markets-indonesia-stocks-cheer-080501014.html', 'https://sg.finance.yahoo.com/news/emerging-markets-singapore-shares-tumble-083636432.html']"
BVP.SI,[]
BVQ.SI,[]
BWCU.SI,[]
BWM.SI,[]
BXE.SI,[]
BYI.SI,[]
BYJ.SI,[]
C04.SI,[]
C05.SI,[]
C06.SI,[]
C07.SI,['https://sg.finance.yahoo.com/news/emerging-markets-jakarta-stocks-rupiah-080428160.html']
C09.SI,"['https://sg.finance.yahoo.com/news/cdl-reports-2hfy2021-earnings-129-044121068.html', 'https://sg.finance.yahoo.com/news/cdl-top-bidder-jalan-tembusu-130433297.html', 'https://sg.finance.yahoo.com/news/cdl-divest-millennium-hilton-seoul-045950324.html', 'https://sg.finance.yahoo.com/news/emerging-markets-asian-stocks-currencies-043922140.html', 'https://sg.finance.yahoo.com/news/why-city-developments-still-bellwether-230000431.html', 'https://sg.finance.yahoo.com/news/tapestry-crafting-premium-home-within-120000395.html', 'https://sg.finance.yahoo.com/news/landmark-canninghill-piers-debuts-prices-054108278.html', 'https://sg.finance.yahoo.com/news/cdl-awarded-2021-terra-carta-013735318.html', 'https://sg.finance.yahoo.com/news/singapore-city-developments-suffers-loss-on-taxes-hikes-014910222.html', 'https://sg.finance.yahoo.com/news/singapore-property-dynasty-sees-woes-piling-in-china-unit-093551019.html']"
C13.SI,[]
c29.SI,[]
C2PU.SI,[]
C33.SI,[]
C38U.SI,"['https://sg.finance.yahoo.com/news/emerging-markets-singapore-seoul-stocks-074959675.html', 'https://sg.finance.yahoo.com/news/emerging-markets-singapore-seoul-stocks-054948490.html', 'https://sg.finance.yahoo.com/news/emerging-markets-asia-fx-muted-075435177.html', 'https://sg.finance.yahoo.com/news/emerging-markets-evergrande-clouds-asia-055021946.html', 'https://sg.finance.yahoo.com/news/emerging-markets-asian-markets-tumble-071301049.html', 'https://sg.finance.yahoo.com/news/emerging-markets-asian-stocks-currencies-045113707.html', 'https://sg.finance.yahoo.com/news/emerging-markets-asia-currencies-slip-035547851.html', 'https://sg.finance.yahoo.com/news/emerging-markets-asian-currencies-steady-042129215.html', 'https://sg.finance.yahoo.com/news/1-top-singapore-developers-shares-013704341.html', 'https://sg.finance.yahoo.com/news/emerging-markets-asias-currencies-stocks-051204931.html']"
C41.SI,[]
C52.SI,"['https://sg.finance.yahoo.com/news/buy-calls-around-comfortdelgro-drives-210406415.html', 'https://sg.finance.yahoo.com/news/emerging-markets-indian-rupee-leads-082440414.html', 'https://sg.finance.yahoo.com/news/emerging-markets-indian-rupee-leads-081849945.html', 'https://sg.finance.yahoo.com/news/emerging-markets-asian-fx-stocks-051751620.html', 'https://sg.finance.yahoo.com/news/1-merger-bound-stagecoach-national-081121805.html', 'https://sg.finance.yahoo.com/news/emerging-markets-philippine-stocks-tumble-045359401.html', 'https://sg.finance.yahoo.com/news/emerging-markets-stocks-rise-china-083917737.html', 'https://sg.finance.yahoo.com/news/emerging-markets-korean-stocks-rise-053031323.html', 'https://sg.finance.yahoo.com/news/emerging-markets-indian-stocks-lead-082237718.html', 'https://sg.finance.yahoo.com/news/whsp-singapores-comfortdelgro-pause-australia-070342804.html']"
C6L.SI,"['https://sg.finance.yahoo.com/news/analysts-mixed-sia-despite-first-224516503.html', 'https://sg.finance.yahoo.com/news/1-tata-talks-aircraft-makers-050023774.html', 'https://sg.finance.yahoo.com/news/1-singapore-airlines-posts-first-102201682.html', 'https://sg.finance.yahoo.com/news/singapore-airlines-posts-first-quarterly-094311183.html', 'https://sg.finance.yahoo.com/news/emerging-markets-asian-stocks-fx-082833429.html', 'https://sg.finance.yahoo.com/news/singapore-airlines-reports-3q-net-034234218.html', 'https://sg.finance.yahoo.com/news/neste-start-singapore-sustainable-aviation-090025418.html', 'https://sg.finance.yahoo.com/news/1-airbus-finalises-deal-sell-030829472.html', 'https://sg.finance.yahoo.com/news/airbus-finalises-deal-sell-seven-024451712.html', 'https://sg.finance.yahoo.com/news/1-airbus-upbeat-freighter-sales-095231282.html']"
C70.SI,"['https://sg.finance.yahoo.com/news/emerging-markets-asian-stocks-currencies-043922140.html', 'https://sg.finance.yahoo.com/news/singapore-city-developments-suffers-loss-on-taxes-hikes-014910222.html', 'https://sg.finance.yahoo.com/news/singapore-property-dynasty-sees-woes-piling-in-china-unit-093551019.html', 'https://sg.finance.yahoo.com/news/singapore-dynasty-cdl-needs-turnaround-plan-to-sate-investors-040015930.html', 'https://sg.finance.yahoo.com/news/singapore-developers-reit-ipo-includes-hsbc-london-tower-040041669.html', 'https://sg.finance.yahoo.com/news/singapore-richest-property-family-cdl-warns-of-cooling-measures-022614160.html', 'https://sg.finance.yahoo.com/news/qia-mulls-injecting-hsbc-headquarters-into-singapore-reit-015229442.html', 'https://sg.finance.yahoo.com/news/singapore-home-sales-high-ahead-of-latest-virus-flareup-054452898.html', 'https://sg.finance.yahoo.com/news/from-singapore-to-rio-green-buildings-keep-tropical-tenants-cool-094136021.html']"
C76.SI,[]
C8R.SI,[]
C92.SI,[]
C9Q.SI,[]
CC3.SI,['https://sg.finance.yahoo.com/news/star-hub-to-acquire-501-stake-in-my-republics-broadband-business-092829695.html']
CEDU.SI,[]
CFA,"['https://sg.finance.yahoo.com/news/company-news-feb-17-2022-140902536.html', 'https://sg.finance.yahoo.com/news/cf-industries-cf-earnings-top-120912380.html', 'https://sg.finance.yahoo.com/news/cf-industries-cf-q4-earnings-225510737.html', 'https://sg.finance.yahoo.com/news/why-cf-industries-cf-might-134401736.html', 'https://sg.finance.yahoo.com/news/andersons-ande-report-q4-earnings-153903597.html', 'https://sg.finance.yahoo.com/news/cf-industries-cf-report-q4-142202232.html', 'https://sg.finance.yahoo.com/news/cf-industries-cf-outpaces-stock-224510717.html', 'https://sg.finance.yahoo.com/news/cf-industries-cf-reports-next-200008873.html', 'https://sg.finance.yahoo.com/news/cf-industries-cf-gains-lags-224510586.html', 'https://sg.finance.yahoo.com/news/uk-food-drink-firms-warn-181622626.html']"
CGN,"['https://sg.finance.yahoo.com/m/684caac4-71e8-3385-801d-f84f79b5c6d5/1-undervalued-growth-stock.html', 'https://sg.finance.yahoo.com/m/aa6398ad-5b2f-397b-8cb7-92730a963307/why-cognex-shares-rose-nearly.html', 'https://sg.finance.yahoo.com/news/cognex-soars-q4-beat-annual-111224432.html', 'https://sg.finance.yahoo.com/news/cognex-corporation-cgnx-q4-earnings-222510601.html', 'https://sg.finance.yahoo.com/news/analysts-estimate-cognex-corporation-cgnx-200108322.html', 'https://sg.finance.yahoo.com/m/bd6a812b-e02e-3b4b-a412-309585be7010/these-are-our-3-favorite.html', 'https://sg.finance.yahoo.com/m/d08c22c8-5b92-3ad9-83b2-ba671d0bc91f/buy-the-dip%3A-3-stocks-to-buy.html', 'https://sg.finance.yahoo.com/news/strong-sell-stocks-december-29th-112211791.html', 'https://sg.finance.yahoo.com/m/6acf2ed9-6fc7-3660-b423-8ea290294063/my-5-favorite-industrial.html', 'https://sg.finance.yahoo.com/news/strong-sell-stocks-december-27th-153903119.html']"
CGP,[]
CHJ.SI,[]
CHZ,['https://sg.finance.yahoo.com/video/fan-tokens-way-connect-favorite-195429472.html']
CIN,"['https://sg.finance.yahoo.com/m/ca74f5bf-4419-37d9-8e7e-6c4ed0479931/why-cinedigm-stock-crashed-on.html', 'https://sg.finance.yahoo.com/m/f19f6507-9b21-38bf-a53f-8300a10509b8/why-cinedigm-shares-closed.html', 'https://sg.finance.yahoo.com/news/touchstone-provides-operational-060000120.html', 'https://sg.finance.yahoo.com/m/755cd173-1053-3dcd-9163-375d0f36dcdd/why-cinedigm-stock-popped.html', 'https://sg.finance.yahoo.com/m/e73c06d5-868a-3779-82b2-b7a9cfd1da4f/why-cinedigm-stock-jumped-29%25.html', 'https://sg.finance.yahoo.com/m/007dda2e-0c1c-362b-bc4d-2474994ae093/why-cinedigm-stock-is-surging.html']"
CJLU.SI,[]
CJN,[]
CLN,"['https://sg.finance.yahoo.com/m/94c79270-0d44-3d0a-b036-ef7302e3ae09/the-biggest-hurdles-that.html', ""https://sg.finance.yahoo.com/m/199595c9-49ee-329a-ac7b-3c00013fbac8/clean-energy's-commercial.html"", 'https://sg.finance.yahoo.com/m/2b606627-5fe6-3f27-880f-e99af5c39edb/why-clean-energy-fuels-stock.html', ""https://sg.finance.yahoo.com/m/92d723f4-62b6-3234-87dd-413257c8a066/this-is-clean-energy-fuels'.html"", 'https://sg.finance.yahoo.com/m/dbde3cc0-bae9-3419-a025-590e4bffb067/is-rivian-stock-a-buy-after.html', 'https://sg.finance.yahoo.com/news/clean-energy-fuels-clne-just-150003351.html', 'https://sg.finance.yahoo.com/m/e9df098f-4672-3eff-b53d-cd75a7850b74/why-clean-energy-fuels-stock.html', 'https://sg.finance.yahoo.com/m/a2a1fbfd-cf46-3204-845a-860ab40c3c57/clean-energy-fuels-corp.html', 'https://sg.finance.yahoo.com/m/93a741ce-09b8-3554-9f86-fc19b0726c0a/why-plug-power%2C-bloom-energy%2C.html', 'https://sg.finance.yahoo.com/m/41271991-bf62-368f-92c7-c8829c90dbd0/is-hyliion-stock-a-buy%3F.html']"
CLR,"['https://sg.finance.yahoo.com/news/callon-cpe-stock-dips-3-153903659.html', 'https://sg.finance.yahoo.com/news/viper-energy-vnom-q4-earnings-153203973.html', 'https://sg.finance.yahoo.com/news/pioneer-natural-pxd-tops-q4-143102434.html', 'https://sg.finance.yahoo.com/m/6924c9ae-47d5-3c2e-be49-9f1c0b7c6dc3/continental-resources-is.html', 'https://sg.finance.yahoo.com/m/8c8894f0-e444-3297-910b-449f1e908941/why-continental-resources.html', 'https://sg.finance.yahoo.com/news/continental-resources-clr-earnings-revenues-152403934.html', 'https://sg.finance.yahoo.com/news/continental-resources-clr-q4-earnings-223510643.html', 'https://sg.finance.yahoo.com/news/continental-resources-clr-earnings-expected-200008350.html', 'https://sg.finance.yahoo.com/news/paychex-shopify-highlighted-zacks-bull-151603303.html', 'https://sg.finance.yahoo.com/news/permian-oil-drilling-rig-count-151003633.html']"
CMOU.SI,['https://sg.finance.yahoo.com/news/3-stocks-hitting-52-week-233000510.html']
CNE.SI,[]
COI.SI,[]
CRPU.SI,[]
CTO,['https://sg.finance.yahoo.com/news/heres-why-cto-realty-cto-150003159.html']
CWBU.SI,[]
CY6U.SI,"['https://sg.finance.yahoo.com/news/capitaland-launches-second-logistics-private-053610376.html', 'https://sg.finance.yahoo.com/news/ascendas-india-trust-enters-india-041319454.html', 'https://sg.finance.yahoo.com/news/capitaland-separate-real-estate-development-035731517.html', 'https://sg.finance.yahoo.com/news/1-top-singapore-developers-shares-013704341.html']"
CYB,[]
CYC,"['https://sg.finance.yahoo.com/news/powering-future-hear-ceo-co-214339967.html', 'https://sg.finance.yahoo.com/news/replay-power-infrastructure-future-event-202100040.html', 'https://sg.finance.yahoo.com/news/join-power-infrastructure-future-event-150608072.html']"
CYW.SI,[]
D01.SI,"['https://sg.finance.yahoo.com/news/emerging-markets-asian-fx-stocks-044615221.html', 'https://sg.finance.yahoo.com/news/emerging-markets-asian-fx-stocks-080220802.html', 'https://sg.finance.yahoo.com/news/emerging-markets-ringgit-leads-gains-050356777.html', 'https://sg.finance.yahoo.com/video/influencers-andy-serwer-david-novak-100000542.html', 'https://sg.finance.yahoo.com/news/french-retailer-carrefour-launch-1-082315572.html', 'https://sg.finance.yahoo.com/news/conglomerate-jardine-matheson-offers-buy-030450990.html']"
D03.SI,"['https://sg.finance.yahoo.com/news/1-singapores-del-monte-pacific-185021889.html', 'https://sg.finance.yahoo.com/news/singapores-del-monte-pacific-delays-181649673.html', 'https://sg.finance.yahoo.com/news/1-philippines-del-monte-files-071826805.html']"
D05.SI,"['https://sg.finance.yahoo.com/news/mastercard-ma-extends-bnpl-program-175805446.html', 'https://sg.finance.yahoo.com/news/dbs-group-holdings-ltd-dbsdy-135001225.html', 'https://sg.finance.yahoo.com/news/emerging-markets-thai-baht-leads-080835283.html', 'https://sg.finance.yahoo.com/news/rpt-emerging-markets-thai-baht-060011705.html', 'https://sg.finance.yahoo.com/news/emerging-markets-thai-baht-leads-055015714.html', 'https://sg.finance.yahoo.com/news/1-singapore-lender-ocbcs-q4-235941690.html', 'https://sg.finance.yahoo.com/news/singapore-bank-dbs-plans-offer-141744352.html', 'https://sg.finance.yahoo.com/news/1-singapore-bank-dbs-posts-230057426.html', 'https://sg.finance.yahoo.com/news/singapore-bank-dbs-q4-profit-225318922.html', 'https://sg.finance.yahoo.com/news/emerging-markets-indian-rupee-leads-082440414.html']"
D07.SI,"['https://sg.finance.yahoo.com/news/a-bullish-stock-market-story-is-quietly-unfolding-172325011.html', 'https://sg.finance.yahoo.com/news/jobless-claims-show-omicron-recessing-154203176.html', 'https://sg.finance.yahoo.com/news/why-we-have-exactly-the-fuel-we-need-for-a-year-end-rally-125224451.html', 'https://sg.finance.yahoo.com/news/unemployment-rate-4-2-jobs-153903725.html', 'https://sg.finance.yahoo.com/news/stock-market-performance-around-fed-rate-hikes-morning-brief-100310094.html', 'https://sg.finance.yahoo.com/news/the-state-of-the-economy-markets-morning-brief-095949989.html', 'https://sg.finance.yahoo.com/news/economic-data-fog-morning-brief-095720956.html', 'https://sg.finance.yahoo.com/video/inflation-spooks-market-144451563.html', 'https://sg.finance.yahoo.com/news/good-inflation-reading-for-corporate-profits-morning-brief-101825144.html', 'https://sg.finance.yahoo.com/news/cpi-0-8-inflation-142702860.html']"
D11.SI,[]
D5IU.SI,[]
D8DU.SI,[]
DCRU.SI,[]
DGRW,[]
DHLU.SI,[]
DM0.SI,[]
DPWW,[]
DRX,"['https://sg.finance.yahoo.com/news/adf-group-wins-contracts-total-120000322.html', 'https://sg.finance.yahoo.com/news/adf-group-inc-announces-results-120000186.html', 'https://sg.finance.yahoo.com/news/adf-group-inc-q3-2022-120000793.html', 'https://sg.finance.yahoo.com/news/adf-group-announces-results-three-110000419.html', 'https://sg.finance.yahoo.com/news/adf-group-inc-q2-2022-110000570.html', 'https://sg.finance.yahoo.com/news/adf-group-inc-announces-results-130000873.html', 'https://sg.finance.yahoo.com/news/adf-group-inc-announces-first-110000715.html', 'https://sg.finance.yahoo.com/news/adf-group-inc-q1-2022-110000706.html', 'https://sg.finance.yahoo.com/news/adf-group-inc-announces-results-110000919.html', 'https://sg.finance.yahoo.com/news/adf-group-inc-conference-call-110000645.html']"
DU4.SI,[]
DWAW,[]
E27.SI,[]
E28.SI,['https://sg.finance.yahoo.com/news/frencken-gets-buy-amid-expectations-025301690.html']
E3B.SI,[]
E5H.SI,['https://sg.finance.yahoo.com/news/rhb-maintains-neutral-golden-agri-201620649.html']
E6R.SI,[]
E8Z.SI,[]
E9L.SI,[]
EB5.SI,"['https://sg.finance.yahoo.com/news/analysts-raise-first-resources-tps-185929155.html', 'https://sg.finance.yahoo.com/news/rhb-upgrades-plantation-sector-neutral-175018345.html', 'https://sg.finance.yahoo.com/news/first-resources-sees-2hfy2021-double-162843556.html']"
EB7.SI,[]
EG0.SI,[]
EH5.SI,[]
EHG,[]
ER0.SI,[]
ES3.SI,['https://sg.finance.yahoo.com/news/singapores-stellar-stock-run-stalls-as-virus-cases-jump-021501675.html']
EVD,[]
EVS.SI,[]
F03.SI,[]
F10.SI,[]
F13.SI,[]
F17.SI,"['https://sg.finance.yahoo.com/news/hong-leong-led-joint-venture-135403539.html', 'https://sg.finance.yahoo.com/news/four-bedders-midtown-modern-perfect-020000062.html', 'https://sg.finance.yahoo.com/news/guocoland-singapore-cfo-andrew-chew-021229194.html', 'https://sg.finance.yahoo.com/news/cheng-hsing-yao-ceo-gentleman-010000453.html', 'https://sg.finance.yahoo.com/news/guocoland-integrated-developments-place-maker-000000770.html', 'https://sg.finance.yahoo.com/news/midtown-modern-inviting-nature-home-091841227.html', 'https://sg.finance.yahoo.com/news/cdl-guocoland-hoi-hup-realty-041907037.html', 'https://sg.finance.yahoo.com/news/guocoland-partners-property-tech-company-055049593.html', 'https://sg.finance.yahoo.com/news/hybrid-agenda-000000710.html', 'https://sg.finance.yahoo.com/news/living-meyer-road-confluence-prestige-092405041.html']"
F1E.SI,[]
F34.SI,"['https://sg.finance.yahoo.com/news/1-ice-march-white-sugar-195805852.html', 'https://sg.finance.yahoo.com/news/ice-march-white-sugar-delivery-190642016.html', 'https://sg.finance.yahoo.com/news/emerging-markets-asian-currencies-fall-081923262.html', 'https://sg.finance.yahoo.com/news/emerging-markets-korean-won-leads-045019058.html', 'https://sg.finance.yahoo.com/news/ice-october-raw-sugar-delivery-175244545.html', 'https://sg.finance.yahoo.com/news/1-ed-f-man-takes-183942008.html', 'https://sg.finance.yahoo.com/news/1-frances-tereos-sell-chinese-114129108.html', 'https://sg.finance.yahoo.com/news/frances-tereos-sell-chinese-starch-104743447.html', 'https://sg.finance.yahoo.com/news/emerging-markets-asian-fx-stocks-062639724.html', 'https://sg.finance.yahoo.com/news/emerging-markets-asian-stocks-fx-071907411.html']"
F83.SI,[]
F86.SI,[]
F99.SI,[]
F9D.SI,[]
FQ7.SI,[]
FRQ.SI,[]
G07.SI,[]
G0I.SI,[]
G11.SI,[]
G13.SI,"['https://sg.finance.yahoo.com/news/emerging-markets-most-asian-currencies-081836213.html', 'https://sg.finance.yahoo.com/news/emerging-markets-asian-currencies-mostly-064123971.html', 'https://sg.finance.yahoo.com/news/emerging-markets-singapore-dollar-gains-042034904.html', 'https://sg.finance.yahoo.com/news/emerging-markets-philippine-peso-reels-080018977.html', 'https://sg.finance.yahoo.com/news/emerging-markets-asian-fx-stocks-080220802.html', 'https://sg.finance.yahoo.com/news/emerging-markets-thai-baht-weakens-074452991.html', 'https://sg.finance.yahoo.com/news/emerging-markets-indonesia-stocks-rise-050528802.html', 'https://sg.finance.yahoo.com/news/emerging-markets-indonesia-leads-asia-074949246.html', 'https://sg.finance.yahoo.com/news/emerging-markets-asias-currencies-stocks-051204931.html', 'https://sg.finance.yahoo.com/news/emerging-markets-taiwan-dollar-shrugs-075232822.html']"
G1N.SI,[]
G20.SI,[]
G3B.SI,['https://sg.finance.yahoo.com/video/hiring-fitness-instructors-continues-challenging-161139840.html']
G41.SI,[]
G50.SI,[]
G92.SI,['https://sg.finance.yahoo.com/news/1-china-slashes-fuel-export-084201874.html']
GRE,"['https://sg.finance.yahoo.com/video/cannabis-industry-big-disconnect-between-212011001.html', 'https://sg.finance.yahoo.com/video/rep-nancy-mace-cannabis-only-222024974.html', 'https://sg.finance.yahoo.com/video/weed-legal-states-seeing-more-174323224.html', 'https://sg.finance.yahoo.com/video/legal-u-cannabis-sales-triple-163507068.html', 'https://sg.finance.yahoo.com/news/senator-cory-booker-clarifies-support-for-key-marijuana-banking-bill-104504846.html', 'https://sg.finance.yahoo.com/video/jordan-reed-pushes-more-research-214356518.html', 'https://sg.finance.yahoo.com/video/fetty-wap-partners-video-game-214456112.html', 'https://sg.finance.yahoo.com/video/forefront-innovation-cannabis-industry-gti-164408055.html', 'https://sg.finance.yahoo.com/news/heres-how-legal-weed-will-play-out-in-america-120705327.html', 'https://sg.finance.yahoo.com/news/why-virginia-legalizing-marijuana-could-shift-the-federal-discussion-203719031.html']"
GRN,[]
GRQ.SI,[]
GSD,"['https://sg.finance.yahoo.com/video/market-strategist-consumer-staples-one-180743576.html', 'https://sg.finance.yahoo.com/news/gold-prices-pop-to-one-year-high-as-russia-invades-ukraine-111219668.html', 'https://sg.finance.yahoo.com/video/inflation-geopolitical-conflict-good-gold-163433283.html', 'https://sg.finance.yahoo.com/video/stocks-capri-rises-match-group-205247834.html', 'https://sg.finance.yahoo.com/video/bitcoin-price-decline-blew-thesis-203033757.html', 'https://sg.finance.yahoo.com/video/markets-struggling-figure-where-fed-193459438.html', 'https://sg.finance.yahoo.com/video/etfs-investors-favor-traditional-sector-200502113.html', 'https://sg.finance.yahoo.com/video/bull-case-gold-2022-155407519.html', 'https://sg.finance.yahoo.com/news/microstrategy-ceo-michael-saylor-gold-should-be-scared-of-bitcoin-195733527.html', 'https://sg.finance.yahoo.com/news/gold-set-weekly-fall-over-225414322.html']"
GU5.SI,[]
H02.SI,['https://sg.finance.yahoo.com/news/haw-par-nearly-doubles-2hfy2021-015913544.html']
H07.SI,[]
H12.SI,[]
H13.SI,"['https://sg.finance.yahoo.com/news/ho-bee-land-sees-earnings-114212183.html', 'https://sg.finance.yahoo.com/news/ho-bee-land-acquires-londons-075651849.html']"
H15.SI,"['https://sg.finance.yahoo.com/news/1-singapore-press-terminate-keppels-014546872.html', 'https://sg.finance.yahoo.com/news/1-temasek-linked-consortium-hikes-003403149.html', 'https://sg.finance.yahoo.com/news/1-conglomerate-keppel-sweetens-offer-023436707.html', 'https://sg.finance.yahoo.com/news/1-temasek-linked-consortium-makes-045536443.html', 'https://sg.finance.yahoo.com/news/temasek-backed-consortium-makes-2-031411516.html', 'https://sg.finance.yahoo.com/news/hpl-six-senses-collaborate-second-024810522.html']"
H18.SI,[]
H19.SI,[]
H1N.SI,[]
H20.SI,[]
H22.SI,[]
H30.SI,[]
H78.SI,"['https://sg.finance.yahoo.com/news/emerging-markets-thai-baht-leads-080835283.html', 'https://sg.finance.yahoo.com/news/emerging-markets-ringgit-over-1-075816227.html', 'https://sg.finance.yahoo.com/news/emerging-markets-indonesia-stocks-rupiah-052115844.html', 'https://sg.finance.yahoo.com/news/emerging-markets-rupiah-firm-c-082659538.html', 'https://sg.finance.yahoo.com/news/emerging-markets-rupiah-rises-ahead-050140659.html', 'https://sg.finance.yahoo.com/news/emerging-markets-singapore-shares-jump-072439140.html', 'https://sg.finance.yahoo.com/news/cdl-mcl-land-secure-847-050825078.html', 'https://sg.finance.yahoo.com/news/emerging-markets-indonesian-stocks-rupiah-045532424.html', 'https://sg.finance.yahoo.com/news/craig-beattie-returns-hongkong-land-042229290.html', 'https://sg.finance.yahoo.com/news/hongkong-land-aims-lure-young-072019470.html']"
HD9.SI,[]
HKB,[]
HMN,"['https://sg.finance.yahoo.com/news/hartford-financials-hig-product-expands-164904735.html', 'https://sg.finance.yahoo.com/news/sail-choppy-market-4-low-123512735.html', 'https://sg.finance.yahoo.com/news/aflac-afl-ties-cater-employees-174605427.html', 'https://sg.finance.yahoo.com/news/golden-cross-horace-mann-hmn-150003658.html', 'https://sg.finance.yahoo.com/news/horace-mann-ceo-marita-zuraitis-211500321.html', 'https://sg.finance.yahoo.com/news/prudential-financial-pru-27-3-153303583.html', 'https://sg.finance.yahoo.com/news/metlife-met-offers-employers-auras-201208139.html', 'https://sg.finance.yahoo.com/news/assurant-aiz-30-7-more-164504597.html', 'https://sg.finance.yahoo.com/news/finance-stocks-great-value-stocks-144002841.html', 'https://sg.finance.yahoo.com/news/everquote-ever-q4-earnings-revenues-153103475.html']"
HST,"['https://sg.finance.yahoo.com/news/host-hotels-hst-ffo-revenues-193707248.html', 'https://sg.finance.yahoo.com/news/host-hotels-hst-tops-q4-225510762.html', 'https://sg.finance.yahoo.com/news/host-hotels-hst-post-q4-193207172.html', 'https://sg.finance.yahoo.com/news/buy-host-hotels-resorts-hst-140702750.html', 'https://sg.finance.yahoo.com/news/heres-why-retain-host-hotels-223210245.html', 'https://sg.finance.yahoo.com/m/9fe72048-6e0c-314c-bc85-3de80dc02cb9/3-best-reits-to-buy-in-january.html', 'https://sg.finance.yahoo.com/news/host-hotels-hst-acquires-alida-193507906.html', 'https://sg.finance.yahoo.com/news/why-host-hotels-hst-down-163104860.html', 'https://sg.finance.yahoo.com/news/heres-why-wise-hold-host-141202756.html', 'https://sg.finance.yahoo.com/m/cc0dd99e-28f2-3824-a431-35a5cd124be4/host-hotels-%26-resorts-(hst).html']"
i06.SI,[]
i07.SI,['https://sg.finance.yahoo.com/news/isdn-reports-record-revenue-profits-233056324.html']
i11.SI,[]
i15.SI,[]
i49.SI,[]
I98.SI,[]
IW5.SI,[]
IX2.SI,[]
J03.SI,[]
J17.SI,[]
J2T.SI,[]
J36.SI,"['https://sg.finance.yahoo.com/news/jardine-matheson-reports-earnings-us-043837989.html', 'https://sg.finance.yahoo.com/news/emerging-markets-ringgit-over-1-075816227.html', 'https://sg.finance.yahoo.com/news/emerging-markets-asian-stocks-drop-071525705.html', 'https://sg.finance.yahoo.com/news/emerging-markets-asian-stocks-slip-042613270.html', 'https://sg.finance.yahoo.com/news/emerging-markets-asia-fx-falls-042546725.html', 'https://sg.finance.yahoo.com/news/old-school-tycoons-of-hong-kong-are-losing-to-chinas-moguls-025334156.html', 'https://sg.finance.yahoo.com/news/conglomerate-jardine-matheson-says-group-140436069.html', 'https://sg.finance.yahoo.com/news/emerging-markets-indonesia-leads-asia-074949246.html', 'https://sg.finance.yahoo.com/news/emerging-markets-asias-currencies-stocks-051204931.html', 'https://sg.finance.yahoo.com/news/emerging-markets-tech-sell-off-050507351.html']"
J69U.SI,[]
J85.SI,[]
J91U.SI,"['https://sg.finance.yahoo.com/news/esr-reit-buy-ara-logos-032717499.html', 'https://sg.finance.yahoo.com/news/esr-reit-acquires-global-trade-061635326.html']"
JK8.SI,[]
JLB.SI,[]
JYEU.SI,[]
K03.SI,[]
K1Q.SI,[]
K29.SI,[]
K2LU.SI,['https://sg.finance.yahoo.com/news/esr-reit-buy-ara-logos-032717499.html']
K3CD.SI,[]
K3DD.SI,[]
K3FD.SI,[]
K3HD.SI,[]
K3MD.SI,[]
K3OD.SI,"['https://sg.finance.yahoo.com/news/evolution-petroleum-epm-outperforming-other-144002494.html', 'https://sg.finance.yahoo.com/news/zacks-analyst-blog-highlights-amazon-162904642.html', 'https://sg.finance.yahoo.com/news/eni-e-makes-natural-gas-153303764.html', 'https://sg.finance.yahoo.com/news/best-momentum-stocks-buy-february-150003238.html', 'https://sg.finance.yahoo.com/news/best-income-stocks-buy-february-124112902.html', 'https://sg.finance.yahoo.com/news/top-analyst-reports-apple-tesla-174705021.html', 'https://sg.finance.yahoo.com/news/eni-e-decarbonize-aviation-industry-154703466.html', 'https://sg.finance.yahoo.com/news/investors-undervaluing-oils-energy-stocks-144002884.html', 'https://sg.finance.yahoo.com/news/does-rpcs-res-q4-earnings-161904104.html', 'https://sg.finance.yahoo.com/news/moves-petrochina-appoints-wu-president-092156922.html']"
K3RD.SI,[]
K3SD.SI,[]
K3TD.SI,[]
K6S.SI,"['https://sg.finance.yahoo.com/news/met-puk-better-value-stock-154003219.html', 'https://sg.finance.yahoo.com/news/boris-johnson-rishi-sunak-uk-investment-big-bang-pension-funds-asset-managers-213016625.html', 'https://sg.finance.yahoo.com/news/1-singapore-central-bank-rebukes-104500815.html', 'https://sg.finance.yahoo.com/news/singapore-central-bank-reprimands-insurers-063429059.html']"
K71U.SI,"['https://sg.finance.yahoo.com/news/koh-wee-lih-appointed-ceo-014644986.html', 'https://sg.finance.yahoo.com/news/keppel-reit-divests-stake-brisbane-060810783.html']"
K75.SI,[]
KI3.SI,[]
KJ5.SI,[]
KJ7.SI,[]
KUH,[]
KUO.SI,[]
KUX.SI,[]
KV4.SI,[]
L02.SI,[]
L03.SI,[]
L09.SI,[]
L19.SI,[]
L23.SI,[]
L38.SI,[]
L5I.SI,[]
LG9.SI,[]
LIW,[]
LJ3.SI,[]
LS9.SI,[]
LSS,[]
LUY,[]
M01.SI,[]
M03.SI,[]
M04.SI,"['https://sg.finance.yahoo.com/news/china-regulator-says-livestreaming-sales-105339745.html', 'https://sg.finance.yahoo.com/news/craig-beattie-returns-hongkong-land-042229290.html']"
M05.SI,[]
M11.SI,[]
M14.SI,[]
M15.SI,[]
M1GU.SI,[]
M1Z.SI,[]
M44U.SI,"['https://sg.finance.yahoo.com/news/mapletree-logistics-trust-acquires-south-044343832.html', 'https://sg.finance.yahoo.com/news/emerging-markets-asian-fx-stocks-081815489.html', 'https://sg.finance.yahoo.com/news/singapores-mapletree-logistics-flags-513-040024330.html', 'https://sg.finance.yahoo.com/news/mapletree-logistics-to-buy-s-14-billion-of-assets-across-asia-024634186.html', 'https://sg.finance.yahoo.com/news/emerging-markets-asian-currencies-fall-081923262.html', 'https://sg.finance.yahoo.com/news/emerging-markets-korean-won-leads-045019058.html', 'https://sg.finance.yahoo.com/news/emerging-markets-asia-fx-dips-074728624.html', 'https://sg.finance.yahoo.com/news/emerging-markets-south-korean-stocks-060507562.html']"
M62.SI,[]
MBH.SI,[]
ME8U.SI,['https://sg.finance.yahoo.com/news/emerging-markets-asian-stocks-currencies-045308553.html']
MF6.SI,[]
MIJ,[]
MMS,"['https://sg.finance.yahoo.com/news/maximus-mms-strategic-acquisitions-amid-183406401.html', 'https://sg.finance.yahoo.com/news/wall-street-analysts-see-33-150003397.html', 'https://sg.finance.yahoo.com/news/secretary-energy-recognizes-maximus-federal-140000395.html', 'https://sg.finance.yahoo.com/news/maximus-mms-beats-q1-earnings-171505161.html', 'https://sg.finance.yahoo.com/news/maximus-mms-surpasses-q1-earnings-124512669.html', 'https://sg.finance.yahoo.com/news/maximus-reports-fiscal-2022-first-113000909.html', 'https://sg.finance.yahoo.com/news/earnings-preview-maximus-mms-q1-200108982.html', 'https://sg.finance.yahoo.com/news/maximus-schedules-fiscal-2022-first-140000734.html', 'https://sg.finance.yahoo.com/news/maximus-declares-quarterly-cash-dividend-113000246.html', 'https://sg.finance.yahoo.com/news/heres-why-investors-retain-maximus-135701923.html']"
MMT,['https://sg.finance.yahoo.com/news/mfs-releases-closed-end-fund-212000608.html']
MR7.SI,[]
MT1.SI,[]
MV4.SI,[]
MXNU.SI,[]
MZH.SI,[]
N01.SI,[]
N02.SI,[]
N08.SI,[]
N0Z.SI,[]
N2H.SI,[]
N2IU.SI,"['https://sg.finance.yahoo.com/news/exclusive-activist-investor-quarz-opposes-045930097.html', 'https://sg.finance.yahoo.com/news/emerging-markets-philippine-peso-dips-061755309.html', 'https://sg.finance.yahoo.com/news/emerging-markets-philippine-peso-falls-034958613.html', 'https://sg.finance.yahoo.com/news/emerging-markets-asian-stocks-subdued-081025702.html', 'https://sg.finance.yahoo.com/news/emerging-markets-taiwan-dollar-shrugs-075232822.html']"
N32.SI,[]
N33.SI,[]
N4E.SI,[]
N5YD.SI,[]
N6DD.SI,[]
N6M.SI,[]
NC2.SI,[]
NEX,"['https://sg.finance.yahoo.com/news/eog-resources-eog-outperforming-other-144002549.html', 'https://sg.finance.yahoo.com/news/nextier-oilfield-solutions-nex-may-200008589.html', 'https://sg.finance.yahoo.com/news/nextier-oilfield-solutions-nex-stock-144002094.html', 'https://sg.finance.yahoo.com/news/best-performing-stocks-top-etf-151003439.html', 'https://sg.finance.yahoo.com/news/golden-cross-nextier-oilfield-solutions-150003985.html', 'https://sg.finance.yahoo.com/news/cheap-stocks-under-10-buy-210009407.html', 'https://sg.finance.yahoo.com/news/zacks-investment-ideas-feature-highlights-112111930.html', 'https://sg.finance.yahoo.com/news/powerful-buy-signal-3-oil-155403210.html', 'https://sg.finance.yahoo.com/news/looking-top-momentum-pick-why-170005833.html', 'https://sg.finance.yahoo.com/news/now-dnow-stock-outpacing-oils-144002362.html']"
NHD.SI,[]
NO4.SI,[]
NPW.SI,[]
NR7.SI,"['https://sg.finance.yahoo.com/news/oeis-clash-with-raffles-education-escalates-police-probe-firm-040029230.html', 'https://sg.finance.yahoo.com/news/singapore-tycoon-oei-raises-stake-in-raffles-education-023722729.html']"
NS8U.SI,[]
NTU,"['https://sg.finance.yahoo.com/news/know-natus-medical-ntus-rating-170005766.html', 'https://sg.finance.yahoo.com/news/natus-medical-ntus-earnings-expected-200308279.html', 'https://sg.finance.yahoo.com/news/natus-medical-ntus-earnings-expected-210409914.html', 'https://sg.finance.yahoo.com/news/natus-medical-ntus-surges-6-122112320.html']"
O08.SI,[]
O10.SI,[]
O32.SI,"['https://sg.finance.yahoo.com/news/olam-focused-q2-london-ipo-055823824.html', 'https://sg.finance.yahoo.com/news/olam-well-positioned-benefit-diversified-013051797.html', 'https://sg.finance.yahoo.com/news/ivory-coast-cocoa-grind-down-085126955.html', 'https://sg.finance.yahoo.com/news/cocoa-processors-brazil-see-5-163651314.html', 'https://sg.finance.yahoo.com/news/french-wheat-needs-export-outlets-132721556.html', 'https://sg.finance.yahoo.com/news/1-flour-mills-fund-honeywell-150941268.html', 'https://sg.finance.yahoo.com/news/ivory-coast-cocoa-exporters-50-154219650.html', 'https://sg.finance.yahoo.com/news/emerging-markets-thai-baht-gains-052151750.html', 'https://sg.finance.yahoo.com/news/exclusive-olam-looks-raise-3-041540533.html', 'https://sg.finance.yahoo.com/news/singapores-olam-picks-london-food-012238976.html']"
O39.SI,"['https://sg.finance.yahoo.com/news/emerging-markets-asian-stocks-fx-082833429.html', 'https://sg.finance.yahoo.com/news/emerging-markets-indian-rupee-leads-081312858.html', 'https://sg.finance.yahoo.com/news/emerging-markets-most-asian-fx-061757599.html', 'https://sg.finance.yahoo.com/news/1-singapore-lender-ocbcs-q4-235941690.html', 'https://sg.finance.yahoo.com/news/1-singapore-bank-dbs-posts-230057426.html', 'https://sg.finance.yahoo.com/news/ocbc-begins-making-goodwill-payouts-scam-phishing-victims-112310936.html', 'https://sg.finance.yahoo.com/news/1-singapores-uob-buy-citis-011501421.html', 'https://sg.finance.yahoo.com/news/emerging-markets-rupiah-gains-indonesia-072521767.html', 'https://sg.finance.yahoo.com/news/emerging-markets-rupiah-firms-indonesia-055409122.html', 'https://sg.finance.yahoo.com/news/top-5-most-search-stocks-by-yahoo-singapore-readers-052120169.html']"
O5RU.SI,[]
O87.SI,"['https://sg.finance.yahoo.com/video/market-strategist-consumer-staples-one-180743576.html', 'https://sg.finance.yahoo.com/news/gold-prices-pop-to-one-year-high-as-russia-invades-ukraine-111219668.html', 'https://sg.finance.yahoo.com/video/inflation-geopolitical-conflict-good-gold-163433283.html', 'https://sg.finance.yahoo.com/video/stocks-capri-rises-match-group-205247834.html', 'https://sg.finance.yahoo.com/video/bitcoin-price-decline-blew-thesis-203033757.html', 'https://sg.finance.yahoo.com/video/markets-struggling-figure-where-fed-193459438.html', 'https://sg.finance.yahoo.com/video/etfs-investors-favor-traditional-sector-200502113.html', 'https://sg.finance.yahoo.com/video/bull-case-gold-2022-155407519.html', 'https://sg.finance.yahoo.com/news/microstrategy-ceo-michael-saylor-gold-should-be-scared-of-bitcoin-195733527.html', 'https://sg.finance.yahoo.com/news/suddenly-a-bitcoin-move-to-100-k-doesnt-seem-so-farfetched-morning-brief-091212180.html']"
O9A.SI,[]
O9E.SI,[]
O9P.SI,[]
OAJ.SI,[]
ODBU.SI,[]
OMK.SI,[]
OTS,[]
OTX,"['https://sg.finance.yahoo.com/news/opentext-powers-information-led-transformations-140000052.html', 'https://sg.finance.yahoo.com/news/msig-asia-enriches-customer-experience-140000446.html', 'https://sg.finance.yahoo.com/video/opentext-ceo-zix-acquisition-doesn-211054034.html', 'https://sg.finance.yahoo.com/news/opentext-google-cloud-collaborate-next-210200590.html', 'https://sg.finance.yahoo.com/news/citrix-systems-ctxs-q4-earnings-142502222.html', 'https://sg.finance.yahoo.com/news/analysts-estimate-open-text-otex-200108857.html', 'https://sg.finance.yahoo.com/news/opentext-announces-strategic-appointments-140000195.html', 'https://sg.finance.yahoo.com/news/faurecia-streamlines-international-procurement-process-140000322.html', 'https://sg.finance.yahoo.com/news/opentext-report-second-quarter-fiscal-210100179.html', 'https://sg.finance.yahoo.com/news/opentext-buys-zix-corporation-140000952.html']"
OU8.SI,[]
OV8.SI,[]
OVQ.SI,[]
OXMU.SI,[]
OYY.SI,[]
P11.SI,[]
P15.SI,[]
P34.SI,[]
P36.SI,[]
P40U.SI,[]
P52.SI,[]
P58.SI,[]
P5P.SI,[]
P60.SI,[]
P74.SI,[]
P7VU.SI,[]
P8A.SI,['https://sg.finance.yahoo.com/news/3-stocks-hitting-52-week-233000510.html']
P8Z.SI,[]
P9D.SI,['https://sg.finance.yahoo.com/news/civmec-well-positioned-benefit-australias-010602364.html']
PA3.SI,[]
PGU.SI,[]
PH0.SI,[]
PRH.SI,[]
PU6D.SI,[]
Q01.SI,['https://sg.finance.yahoo.com/news/3-singapore-companies-ranked-among-worlds-750-best-employers-065118880.html']
Q0F.SI,[]
Q0X.SI,[]
Q5T.SI,['https://sg.finance.yahoo.com/news/far-east-hospitality-arthur-kiong-230000752.html']
QC7.SI,['https://sg.finance.yahoo.com/news/3-stocks-hitting-52-week-233000510.html']
QES.SI,[]
QK9.SI,[]
QL2.SI,[]
QL3.SI,[]
QNS.SI,[]
QR9.SI,[]
QS0.SI,[]
QS9.SI,[]
QSD.SI,[]
QZG.SI,[]
R14.SI,[]
RC5.SI,[]
RCU.SI,[]
RDR.SI,[]
RE4.SI,[]
RQ1.SI,[]
RS1.SI,[]
RW0U.SI,[]
S07.SI,[]
S08.SI,"['https://sg.finance.yahoo.com/news/add-singpost-route-towards-steady-213441058.html', 'https://sg.finance.yahoo.com/news/singpost-reports-24-higher-group-163855586.html']"
S19.SI,[]
S20.SI,['https://sg.finance.yahoo.com/news/straits-trading-buys-two-australian-045537468.html']
S23.SI,['https://sg.finance.yahoo.com/news/singapore-fintech-firm-matchmove-gets-023046317.html']
S27.SI,"['https://sg.finance.yahoo.com/video/russia-past-geopolitical-conflicts-had-212903104.html', 'https://sg.finance.yahoo.com/video/oil-prices-150-barrel-probably-195320491.html', 'https://sg.finance.yahoo.com/video/february-jobs-report-shows-job-175413193.html', 'https://sg.finance.yahoo.com/video/stocks-open-lower-strong-jobs-153804632.html', 'https://sg.finance.yahoo.com/news/february-2022-jobs-report-labor-department-unemployment-usa-200943212.html', 'https://sg.finance.yahoo.com/news/why-consumers-will-keep-driving-through-high-gas-and-wont-see-relief-morning-brief-100654357.html', 'https://sg.finance.yahoo.com/video/market-check-stocks-turn-lower-214556445.html', 'https://sg.finance.yahoo.com/video/market-cant-decide-whether-kick-213419749.html', 'https://sg.finance.yahoo.com/news/stock-market-news-live-updates-march-3-2022-231830521.html', 'https://sg.finance.yahoo.com/video/fed-induced-recession-not-case-192232297.html']"
S29.SI,[]
S35.SI,[]
S3N.SI,[]
S41.SI,[]
S44.SI,[]
S45U.SI,[]
S51.SI,"['https://sg.finance.yahoo.com/news/temasek-defends-green-goals-after-backing-singapore-polluters-025130750.html', 'https://sg.finance.yahoo.com/news/singapores-temasek-set-post-record-054508571.html', 'https://sg.finance.yahoo.com/news/keppel-sembcorp-marine-agree-explore-093955669.html', 'https://sg.finance.yahoo.com/news/keppel-sembcorp-marine-talks-marine-052359838.html', 'https://sg.finance.yahoo.com/news/keppel-corp-sembcorp-marine-explore-024734558.html', 'https://sg.finance.yahoo.com/news/1-equinors-castberg-oilfield-startup-085645044.html', 'https://sg.finance.yahoo.com/news/emerging-markets-asian-stocks-slide-051646939.html', 'https://sg.finance.yahoo.com/news/singapore-port-authority-launches-90-082247463.html', 'https://sg.finance.yahoo.com/news/shell-trial-hydrogen-fuel-cells-060531680.html', 'https://sg.finance.yahoo.com/news/singapore-appoints-two-more-term-094315490.html']"
S56.SI,['https://sg.finance.yahoo.com/news/rising-tide-doubles-samuderas-revenue-024056908.html']
S58.SI,"['https://sg.finance.yahoo.com/news/emerging-markets-indian-rupee-leads-081312858.html', 'https://sg.finance.yahoo.com/news/emerging-markets-most-asian-fx-061757599.html', 'https://sg.finance.yahoo.com/news/emerging-markets-most-asian-currencies-081836213.html', 'https://sg.finance.yahoo.com/news/emerging-markets-asian-currencies-mostly-064123971.html', 'https://sg.finance.yahoo.com/news/emerging-markets-asian-stocks-firm-054142770.html', 'https://sg.finance.yahoo.com/news/singapore-keen-to-work-with-australia-on-quarantine-free-travel-040105179.html', 'https://sg.finance.yahoo.com/news/emerging-markets-asian-equities-track-072928826.html', 'https://sg.finance.yahoo.com/news/emerging-markets-indonesian-rupiah-firms-050007870.html', 'https://sg.finance.yahoo.com/news/emerging-markets-asian-currencies-inch-072212772.html', 'https://sg.finance.yahoo.com/news/emerging-markets-asias-fx-steady-071207967.html']"
S59.SI,[]
S61.SI,"['https://sg.finance.yahoo.com/news/cgs-cimb-optimistic-sbs-transits-193546130.html', 'https://sg.finance.yahoo.com/news/sbs-transit-reduces-operating-loss-051210944.html']"
S63.SI,"['https://sg.finance.yahoo.com/news/singapore-airshow-expects-sharp-fall-024704686.html', 'https://sg.finance.yahoo.com/news/emerging-markets-most-asian-currencies-081836213.html', 'https://sg.finance.yahoo.com/news/emerging-markets-asian-currencies-mostly-064123971.html', 'https://sg.finance.yahoo.com/news/roper-rop-divest-transcore-business-160004325.html', 'https://sg.finance.yahoo.com/news/emerging-markets-asia-fx-muted-075435177.html', 'https://sg.finance.yahoo.com/news/emerging-markets-evergrande-clouds-asia-055021946.html', 'https://sg.finance.yahoo.com/news/1-st-engineering-buy-ropers-044949917.html', 'https://sg.finance.yahoo.com/news/st-engineering-temasek-set-jv-224952749.html', 'https://sg.finance.yahoo.com/news/cubic-accepts-sweetened-buyout-offer-125451012.html', 'https://sg.finance.yahoo.com/news/1-cubic-corp-receives-2-152349541.html']"
S68.SI,"['https://sg.finance.yahoo.com/news/propnex-reported-fy2021-revenue-957-143221852.html', 'https://sg.finance.yahoo.com/news/rpt-emerging-markets-most-asian-062947057.html', 'https://sg.finance.yahoo.com/news/emerging-markets-most-asian-currencies-062608446.html', 'https://sg.finance.yahoo.com/news/2-pegasus-asia-tikehau-capital-023340504.html', 'https://sg.finance.yahoo.com/news/1-pegasus-asia-tikehau-capital-011454505.html', 'https://sg.finance.yahoo.com/news/1-singapore-ventures-spac-arena-040711495.html', 'https://sg.finance.yahoo.com/news/singapore-spac-vertex-technology-set-014824193.html', 'https://sg.finance.yahoo.com/news/china-singapore-bourses-develop-cross-005448850.html', 'https://sg.finance.yahoo.com/news/2-hong-kongs-tweaked-spac-100112565.html', 'https://sg.finance.yahoo.com/news/emerging-markets-most-asian-stocks-051119906.html']"
S69.SI,['https://sg.finance.yahoo.com/news/serial-systems-2hfy2021-earnings-12-075543411.html']
S71.SI,[]
S7OU.SI,[]
S7P.SI,[]
S85.SI,[]
S9B.SI,[]
SES,"['https://sg.finance.yahoo.com/news/ses-announces-participation-water-tower-141400250.html', 'https://sg.finance.yahoo.com/news/ses-expands-south-korea-facilitate-131400579.html', 'https://sg.finance.yahoo.com/news/ses-begins-trading-today-york-130500455.html']"
SJY,[]
SK6U.SI,[]
SRT,"['https://sg.finance.yahoo.com/news/startek-sets-fourth-quarter-full-210500121.html', 'https://sg.finance.yahoo.com/news/startek-appoints-global-cfo-global-130000719.html', 'https://sg.finance.yahoo.com/news/startek-strengthens-leadership-team-continuing-163100463.html', 'https://sg.finance.yahoo.com/news/frost-sullivan-recognizes-startek-americas-210500691.html', 'https://sg.finance.yahoo.com/news/startek-forms-special-committee-response-210500110.html', 'https://sg.finance.yahoo.com/news/startek-cloud-digital-innovation-honored-210500420.html', 'https://sg.finance.yahoo.com/news/startek-strengthens-leadership-team-executive-210500214.html', 'https://sg.finance.yahoo.com/m/b9c362fa-9c74-30c2-a871-8d13b927d8c5/startek-(srt)-q3-2021.html', 'https://sg.finance.yahoo.com/news/startek-srt-reports-break-even-221510189.html', 'https://sg.finance.yahoo.com/news/startek-reports-third-quarter-2021-200500641.html']"
SSS.SI,[]
SSU,"['https://sg.finance.yahoo.com/news/signa-sports-united-reports-q1-120000864.html', 'https://sg.finance.yahoo.com/news/signa-sports-united-announce-first-130000223.html', 'https://sg.finance.yahoo.com/news/signa-sports-united-announces-investor-130000505.html', 'https://sg.finance.yahoo.com/news/signa-sports-united-appoints-hap-130000203.html', 'https://sg.finance.yahoo.com/news/signa-sports-united-reports-fiscal-120000075.html', 'https://sg.finance.yahoo.com/news/signa-sports-united-participate-citi-120000836.html']"
STG,[]
STP,[]
SYM,['https://sg.finance.yahoo.com/news/symrise-reports-fy-profitability-miss-065807840.html']
T09.SI,[]
T12.SI,[]
T13.SI,[]
T14.SI,[]
T15.SI,[]
T24.SI,['https://sg.finance.yahoo.com/news/decade-long-batam-township-project-214700624.html']
T39.SI,"['https://sg.finance.yahoo.com/news/1-singapore-press-terminate-keppels-014546872.html', 'https://sg.finance.yahoo.com/news/singapore-press-holdings-says-terminate-011412034.html', 'https://sg.finance.yahoo.com/news/keppel-shareholders-approve-bid-to-buy-singapore-press-062351721.html', 'https://sg.finance.yahoo.com/news/deals-day-mergers-acquisitions-105635728.html', 'https://sg.finance.yahoo.com/news/1-temasek-linked-consortium-hikes-003403149.html', 'https://sg.finance.yahoo.com/news/1-conglomerate-keppel-sweetens-offer-023436707.html', 'https://sg.finance.yahoo.com/news/1-temasek-linked-consortium-makes-045536443.html', 'https://sg.finance.yahoo.com/news/temasek-backed-consortium-makes-2-031411516.html', 'https://sg.finance.yahoo.com/news/1-conglomerate-keppel-buy-singapore-015024044.html', 'https://sg.finance.yahoo.com/news/emerging-markets-rupiah-won-lead-044332756.html']"
T41.SI,[]
T43.SI,[]
T4B.SI,[]
T55.SI,[]
T6I.SI,[]
T82U.SI,['https://sg.finance.yahoo.com/news/strata-office-unit-suntec-tower-114812756.html']
T8V.SI,[]
TCU.SI,[]
THVW,[]
TID.SI,[]
TQ5.SI,[]
TS0U.SI,['https://sg.finance.yahoo.com/news/largest-hilton-asia-pacific-opens-034242351.html']
TVV.SI,[]
U06.SI,[]
U09.SI,[]
U10.SI,[]
U11.SI,"['https://sg.finance.yahoo.com/news/singapore-banks-halt-russia-commodities-lending-to-cut-risks-020518867.html', 'https://sg.finance.yahoo.com/news/1-singapore-lender-ocbcs-q4-235941690.html', 'https://sg.finance.yahoo.com/news/1-singapore-bank-dbs-posts-230057426.html', 'https://sg.finance.yahoo.com/news/emerging-markets-indian-rupee-leads-082440414.html', 'https://sg.finance.yahoo.com/news/emerging-markets-indian-rupee-leads-081849945.html', 'https://sg.finance.yahoo.com/news/emerging-markets-singapore-seoul-stocks-074959675.html', 'https://sg.finance.yahoo.com/news/emerging-markets-singapore-seoul-stocks-054948490.html', 'https://sg.finance.yahoo.com/news/rpt-4-dbs-buy-citis-030918032.html', 'https://sg.finance.yahoo.com/news/1-dbs-agrees-acquire-citis-002435027.html', 'https://sg.finance.yahoo.com/news/2-dbs-announce-purchase-citis-131525151.html']"
U13.SI,[]
U14.SI,"['https://sg.finance.yahoo.com/news/uol-launch-project-ang-mo-220005673.html', 'https://sg.finance.yahoo.com/news/avenue-south-residence-world-tallest-220004781.html', 'https://sg.finance.yahoo.com/news/uol-reports-earnings-recovery-says-114325785.html', 'https://sg.finance.yahoo.com/news/uol-tops-56-storey-twin-094434222.html', 'https://sg.finance.yahoo.com/news/meyer-house-redefines-standard-luxury-020042914.html', 'https://sg.finance.yahoo.com/news/future-forward-living-clavon-141057891.html', 'https://sg.finance.yahoo.com/news/amber45-shines-luxury-features-innovative-113000988.html', 'https://sg.finance.yahoo.com/news/uol-singapore-land-jointly-purchase-015921111.html', 'https://sg.finance.yahoo.com/news/uol-completes-first-integrated-development-074314980.html', 'https://sg.finance.yahoo.com/news/watergardens-canberra-sells-60-units-110451736.html']"
U77.SI,[]
U96.SI,"['https://sg.finance.yahoo.com/news/emerging-markets-thai-baht-indian-081708611.html', 'https://sg.finance.yahoo.com/news/sembcorp-signs-four-agreements-support-214902054.html', 'https://sg.finance.yahoo.com/news/even-conservative-analysts-lift-sembcorps-190028395.html', 'https://sg.finance.yahoo.com/news/emerging-markets-indian-rupee-leads-081312858.html', 'https://sg.finance.yahoo.com/news/emerging-markets-most-asian-fx-061757599.html', 'https://sg.finance.yahoo.com/news/europes-biggest-battery-storage-system-213459561.html', 'https://sg.finance.yahoo.com/news/emerging-markets-asian-stocks-broadly-051253846.html', 'https://sg.finance.yahoo.com/news/3-singapore-companies-ranked-among-worlds-750-best-employers-065118880.html', 'https://sg.finance.yahoo.com/news/third-electricity-provider-calls-quits-021003393.html', 'https://sg.finance.yahoo.com/news/emerging-markets-asian-markets-tumble-071301049.html']"
U9E.SI,['https://sg.finance.yahoo.com/news/northern-vertex-triples-land-package-110000145.html']
UD1U.SI,['https://sg.finance.yahoo.com/news/bunge-limited-schedules-second-quarter-210000283.html']
UD2.SI,[]
URR,[]
UV1.SI,[]
V03.SI,"['https://sg.finance.yahoo.com/news/emerging-markets-thai-baht-indian-081708611.html', 'https://sg.finance.yahoo.com/news/emerging-markets-asian-fx-stocks-044615221.html', 'https://sg.finance.yahoo.com/news/emerging-markets-malaysian-ringgit-10-082145277.html', 'https://sg.finance.yahoo.com/news/emerging-markets-thai-baht-falls-045504721.html']"
V2Y.SI,[]
V3M.SI,[]
VFP.SI,[]
VI2.SI,[]
VL6.SI,[]
VTA.SI,[]
VVL.SI,[]
W05.SI,[]
WJP.SI,[]
WPC,"['https://sg.finance.yahoo.com/m/ecc2101e-2c9d-36a2-8a99-a1793f67d358/2-stocks-that-will-help-pay.html', ""https://sg.finance.yahoo.com/m/f44087da-ac74-3aab-93ba-969d6b44db7b/is-w.p.-carey's-dividend-in.html"", 'https://sg.finance.yahoo.com/m/27ed5432-7d0b-3d55-85f2-78d551f7a31c/3-real-estate-stocks-that-are.html', 'https://sg.finance.yahoo.com/m/bcec62ed-4271-354f-9c79-4fb7b7f94e24/this-5.5%25-yielding.html', ""https://sg.finance.yahoo.com/m/ed6eeb68-0f89-31e9-8479-b7c41ad6e44d/why-i'm-putting-%24750-into.html"", 'https://sg.finance.yahoo.com/m/1485f19f-744c-39a8-a35b-c06e6eb03baf/why-w.p.-carey-turned-out-to.html', 'https://sg.finance.yahoo.com/m/dcbf6861-084c-3c40-870b-dafb62f66dc4/could-w.p.-carey-hit-%24100-in.html', 'https://sg.finance.yahoo.com/m/fe2d8510-b2b3-3e01-8784-266a92b0b4af/3-reits-that-could-set-you-up.html', 'https://sg.finance.yahoo.com/m/a90a230f-916b-301b-9a55-75bee8d94d29/%24300-a-month-in-these-3-reits.html', ""https://sg.finance.yahoo.com/m/819b7315-a18a-3b0d-8b08-c2e69a0eddb3/why-i'll-be-owning-w.p.-carey.html""]"
XCF,[]
XJB.SI,[]
XVG.SI,[]
XZL,[]
Y03.SI,[]
Y06.SI,[]
Y35.SI,[]
Y3D.SI,[]
Y45.SI,[]
Y8E.SI,[]
Y92.SI,"['https://sg.finance.yahoo.com/news/rpt-emerging-markets-thai-baht-060011705.html', 'https://sg.finance.yahoo.com/news/emerging-markets-thai-baht-leads-055015714.html', 'https://sg.finance.yahoo.com/news/emerging-markets-most-asian-stocks-051119906.html', 'https://sg.finance.yahoo.com/news/emerging-markets-philippine-stocks-lead-072033811.html', 'https://sg.finance.yahoo.com/news/emerging-markets-philippine-stocks-tumble-045359401.html', 'https://sg.finance.yahoo.com/news/emerging-markets-asian-stocks-broadly-051253846.html', 'https://sg.finance.yahoo.com/news/emerging-markets-asia-fx-falls-042546725.html', 'https://sg.finance.yahoo.com/news/emerging-markets-philippine-peso-dips-061755309.html', 'https://sg.finance.yahoo.com/news/1-thai-beverage-defers-plans-130621771.html', 'https://sg.finance.yahoo.com/news/thai-beverage-defers-ipo-plans-113312685.html', 'https://sg.finance.yahoo.com/news/emerging-markets-taiwan-dollar-shrugs-075232822.html']"
YYB,[]
YYN.SI,[]
YYR.SI,[]
YYY,[]
Z25.SI,[]
Z59.SI,"['https://sg.finance.yahoo.com/news/deals-day-mergers-acquisitions-143128843.html', 'https://sg.finance.yahoo.com/news/telenor-divest-stake-myanmars-wave-022452130.html']"
Z74.SI,"['https://sg.finance.yahoo.com/news/emerging-markets-thai-baht-indian-081708611.html', 'https://sg.finance.yahoo.com/news/singtel-redevelop-comcentre-hq-next-084839797.html', 'https://sg.finance.yahoo.com/news/singtel-redevelop-comcentre-hq-next-163944193.html', 'https://sg.finance.yahoo.com/news/optus-appoints-ex-nsw-premier-003405879.html', 'https://sg.finance.yahoo.com/news/1-singtel-grab-acquire-minority-092334440.html', 'https://sg.finance.yahoo.com/news/singtel-buys-minority-stake-indonesian-034630556.html', 'https://sg.finance.yahoo.com/news/emerging-markets-korean-won-marks-072339111.html', 'https://sg.finance.yahoo.com/news/emerging-markets-korean-won-jumps-045921133.html', 'https://sg.finance.yahoo.com/news/singtel-flags-216-mln-exposure-035214498.html', 'https://sg.finance.yahoo.com/news/deals-day-mergers-acquisitions-100143882.html']"
Z77.SI,"['https://sg.finance.yahoo.com/news/emerging-markets-thai-baht-indian-081708611.html', 'https://sg.finance.yahoo.com/news/singtel-redevelop-comcentre-hq-next-084839797.html', 'https://sg.finance.yahoo.com/news/singtel-redevelop-comcentre-hq-next-163944193.html', 'https://sg.finance.yahoo.com/news/optus-appoints-ex-nsw-premier-003405879.html', 'https://sg.finance.yahoo.com/news/1-singtel-grab-acquire-minority-092334440.html', 'https://sg.finance.yahoo.com/news/singtel-buys-minority-stake-indonesian-034630556.html', 'https://sg.finance.yahoo.com/news/emerging-markets-korean-won-marks-072339111.html', 'https://sg.finance.yahoo.com/news/emerging-markets-korean-won-jumps-045921133.html', 'https://sg.finance.yahoo.com/news/singtel-flags-216-mln-exposure-035214498.html', 'https://sg.finance.yahoo.com/news/deals-day-mergers-acquisitions-100143882.html']"
ZHS.SI,[]
ZHY.SI,[]
ZXY.SI,[]