Symbol,Link
1A0.SI,https://sg.finance.yahoo.com/quote/1A0.SI/news?p=1A0.SI&.tsrc=fin-srch
1A1.SI,https://sg.finance.yahoo.com/quote/1A1.SI/news?p=1A1.SI&.tsrc=fin-srch
1A4.SI,
1AZ.SI,https://sg.finance.yahoo.com/quote/1AZ.SI/news?p=1AZ.SI&.tsrc=fin-srch
1B0.SI,https://sg.finance.yahoo.com/quote/1B0.SI/news?p=1B0.SI&.tsrc=fin-srch
1B1.SI,https://sg.finance.yahoo.com/quote/1B1.SI/news?p=1B1.SI&.tsrc=fin-srch
1B6.SI,https://sg.finance.yahoo.com/quote/1B6.SI/news?p=1B6.SI&.tsrc=fin-srch
1C0.SI,https://sg.finance.yahoo.com/quote/1C0.SG/news?p=1C0.SG&.tsrc=fin-srch
1C5.SI,
1D0.SI,https://sg.finance.yahoo.com/quote/1D0.SI/news?p=1D0.SI&.tsrc=fin-srch
1D1.SI,https://sg.finance.yahoo.com/quote/1D1.SI/news?p=1D1.SI&.tsrc=fin-srch
1D3.SI,https://sg.finance.yahoo.com/quote/1D3.SI/news?p=1D3.SI&.tsrc=fin-srch
1D4.SI,https://sg.finance.yahoo.com/quote/1D4.SI/news?p=1D4.SI&.tsrc=fin-srch
1D5.SI,
1D8.SI,https://sg.finance.yahoo.com/quote/1D8.SI/news?p=1D8.SI&.tsrc=fin-srch
1E3.SI,https://sg.finance.yahoo.com/quote/1E3.SI/news?p=1E3.SI&.tsrc=fin-srch
1F0.SI,https://sg.finance.yahoo.com/quote/1F0.SI/news?p=1F0.SI&.tsrc=fin-srch
1F1.SI,https://sg.finance.yahoo.com/quote/1F1.SI/news?p=1F1.SI&.tsrc=fin-srch
1F2.SI,https://sg.finance.yahoo.com/quote/1F2.SI/news?p=1F2.SI&.tsrc=fin-srch
1F3.SI,https://sg.finance.yahoo.com/quote/1F3.SI/news?p=1F3.SI&.tsrc=fin-srch
1G1.SI,https://sg.finance.yahoo.com/quote/1G1.SI/news?p=1G1.SI&.tsrc=fin-srch
1G6.SI,
1H2.SI,https://sg.finance.yahoo.com/quote/1H2.SI/news?p=1H2.SI&.tsrc=fin-srch
1H3.SI,https://sg.finance.yahoo.com/quote/1H3.SI/news?p=1H3.SI&.tsrc=fin-srch
1H4.SI,https://sg.finance.yahoo.com/quote/1H4.SI/news?p=1H4.SI&.tsrc=fin-srch
1H8.SI,https://sg.finance.yahoo.com/quote/1H8.SI/news?p=1H8.SI&.tsrc=fin-srch
1J0.SI,https://sg.finance.yahoo.com/quote/1J0.SI/news?p=1J0.SI&.tsrc=fin-srch
1J3.SI,https://sg.finance.yahoo.com/quote/1J3.SI/news?p=1J3.SI&.tsrc=fin-srch
1J4.SI,https://sg.finance.yahoo.com/quote/1J4.SI/news?p=1J4.SI&.tsrc=fin-srch
1J5.SI,https://sg.finance.yahoo.com/quote/1J5.SI/news?p=1J5.SI&.tsrc=fin-srch
1J7.SI,https://sg.finance.yahoo.com/quote/1J7.SI/news?p=1J7.SI&.tsrc=fin-srch
1R6.SI,https://sg.finance.yahoo.com/quote/1R6.SI/news?p=1R6.SI&.tsrc=fin-srch
1V3.SI,https://sg.finance.yahoo.com/quote/1V3.SI/news?p=1V3.SI&.tsrc=fin-srch
1Y1.SI,https://sg.finance.yahoo.com/quote/1Y1.SI/news?p=1Y1.SI&.tsrc=fin-srch
40B.SI,https://sg.finance.yahoo.com/quote/40B.SI/news?p=40B.SI&.tsrc=fin-srch
40D.SI,https://sg.finance.yahoo.com/quote/40D.SI/news?p=40D.SI&.tsrc=fin-srch
40E.SI,https://sg.finance.yahoo.com/quote/40E.SI/news?p=40E.SI&.tsrc=fin-srch
40F.SI,
40N.SI,https://sg.finance.yahoo.com/quote/40N.SI/news?p=40N.SI&.tsrc=fin-srch
40T.SI,https://sg.finance.yahoo.com/quote/40T.SI/news?p=40T.SI&.tsrc=fin-srch
40U.SI,
40V.SI,https://sg.finance.yahoo.com/quote/40V.SI/news?p=40V.SI&.tsrc=fin-srch
40W.SI,https://sg.finance.yahoo.com/quote/40W.SI/news?p=40W.SI&.tsrc=fin-srch
41B.SI,https://sg.finance.yahoo.com/quote/41B.SI/news?p=41B.SI&.tsrc=fin-srch
41F.SI,https://sg.finance.yahoo.com/quote/41F.SI/news?p=41F.SI&.tsrc=fin-srch
41H.SI,https://sg.finance.yahoo.com/quote/41H.SI/news?p=41H.SI&.tsrc=fin-srch
41O.SI,https://sg.finance.yahoo.com/quote/41O.SI/news?p=41O.SI&.tsrc=fin-srch
41T.SI,https://sg.finance.yahoo.com/quote/41T.SI/news?p=41T.SI&.tsrc=fin-srch
42C.SI,https://sg.finance.yahoo.com/quote/42C.SI/news?p=42C.SI&.tsrc=fin-srch
42D.SI,https://sg.finance.yahoo.com/quote/42D.SI/news?p=42D.SI&.tsrc=fin-srch
42E.SI,https://sg.finance.yahoo.com/quote/42E.SI/news?p=42E.SI&.tsrc=fin-srch
42F.SI,https://sg.finance.yahoo.com/quote/42F.SI/news?p=42F.SI&.tsrc=fin-srch
42L.SI,https://sg.finance.yahoo.com/quote/42L.SI/news?p=42L.SI&.tsrc=fin-srch
42N.SI,https://sg.finance.yahoo.com/quote/42N.SI/news?p=42N.SI&.tsrc=fin-srch
42R.SI,https://sg.finance.yahoo.com/quote/42R.SI/news?p=42R.SI&.tsrc=fin-srch
42S.SI,
42T.SI,https://sg.finance.yahoo.com/quote/42T.SI/news?p=42T.SI&.tsrc=fin-srch
42U.SI,
42W.SI,https://sg.finance.yahoo.com/quote/42W.SI/news?p=42W.SI&.tsrc=fin-srch
42Z.SI,https://sg.finance.yahoo.com/quote/42Z.SI/news?p=42Z.SI&.tsrc=fin-srch
43A.SI,https://sg.finance.yahoo.com/quote/43A.SI/news?p=43A.SI&.tsrc=fin-srch
43B.SI,https://sg.finance.yahoo.com/quote/43B.SI/news?p=43B.SI&.tsrc=fin-srch
43E.SI,https://sg.finance.yahoo.com/quote/43E.SI/news?p=43E.SI&.tsrc=fin-srch
43F.SI,https://sg.finance.yahoo.com/quote/43F.SI/news?p=43F.SI&.tsrc=fin-srch
43P.SI,
43Q.SI,https://sg.finance.yahoo.com/quote/43Q.SI/news?p=43Q.SI&.tsrc=fin-srch
49B.SI,https://sg.finance.yahoo.com/quote/49B.SI/news?p=49B.SI&.tsrc=fin-srch
500.SI,https://sg.finance.yahoo.com/quote/500.SI/news?p=500.SI&.tsrc=fin-srch
502.SI,https://sg.finance.yahoo.com/quote/502.SI/news?p=502.SI&.tsrc=fin-srch
504.SI,https://sg.finance.yahoo.com/quote/504.SI/news?p=504.SI&.tsrc=fin-srch
505.SI,https://sg.finance.yahoo.com/quote/505.SI/news?p=505.SI&.tsrc=fin-srch
508.SI,https://sg.finance.yahoo.com/quote/508.SI/news?p=508.SI&.tsrc=fin-srch
510.SI,
528.SI,https://sg.finance.yahoo.com/quote/528.SI/news?p=528.SI&.tsrc=fin-srch
532.SI,https://sg.finance.yahoo.com/quote/532.SI/news?p=532.SI&.tsrc=fin-srch
533.SI,https://sg.finance.yahoo.com/quote/533.SI/news?p=533.SI&.tsrc=fin-srch
540.SI,https://sg.finance.yahoo.com/quote/540.SI/news?p=540.SI&.tsrc=fin-srch
541.SI,https://sg.finance.yahoo.com/quote/541.SI/news?p=541.SI&.tsrc=fin-srch
543.SI,https://sg.finance.yahoo.com/quote/543.SI/news?p=543.SI&.tsrc=fin-srch
544.SI,https://sg.finance.yahoo.com/quote/544.SI/news?p=544.SI&.tsrc=fin-srch
546.SI,https://sg.finance.yahoo.com/quote/546.SI/news?p=546.SI&.tsrc=fin-srch
554.SI,https://sg.finance.yahoo.com/quote/554.SI/news?p=554.SI&.tsrc=fin-srch
558.SI,https://sg.finance.yahoo.com/quote/558.SI/news?p=558.SI&.tsrc=fin-srch
564.SI,https://sg.finance.yahoo.com/quote/564.SI/news?p=564.SI&.tsrc=fin-srch
566.SI,https://sg.finance.yahoo.com/quote/566.SI/news?p=566.SI&.tsrc=fin-srch
567.SI,https://sg.finance.yahoo.com/quote/567.SI/news?p=567.SI&.tsrc=fin-srch
569.SI,https://sg.finance.yahoo.com/quote/569.SI/news?p=569.SI&.tsrc=fin-srch
570.SI,https://sg.finance.yahoo.com/quote/570.SI/news?p=570.SI&.tsrc=fin-srch
573.SI,https://sg.finance.yahoo.com/quote/573.SI/news?p=573.SI&.tsrc=fin-srch
575.SI,https://sg.finance.yahoo.com/quote/575.SI/news?p=575.SI&.tsrc=fin-srch
578.SI,
579.SI,https://sg.finance.yahoo.com/quote/579.SI/news?p=579.SI&.tsrc=fin-srch
580.SI,https://sg.finance.yahoo.com/quote/580.SI/news?p=580.SI&.tsrc=fin-srch
581.SI,https://sg.finance.yahoo.com/quote/581.SI/news?p=581.SI&.tsrc=fin-srch
583.SI,https://sg.finance.yahoo.com/quote/583.SI/news?p=583.SI&.tsrc=fin-srch
584.SI,https://sg.finance.yahoo.com/quote/584.SI/news?p=584.SI&.tsrc=fin-srch
585.SI,https://sg.finance.yahoo.com/quote/585.SI/news?p=585.SI&.tsrc=fin-srch
586.SI,https://sg.finance.yahoo.com/quote/586.SI/news?p=586.SI&.tsrc=fin-srch
594.SI,https://sg.finance.yahoo.com/quote/594.SI/news?p=594.SI&.tsrc=fin-srch
595.SI,https://sg.finance.yahoo.com/quote/595.SI/news?p=595.SI&.tsrc=fin-srch
596.SI,https://sg.finance.yahoo.com/quote/596.SI/news?p=596.SI&.tsrc=fin-srch
5AB.SI,https://sg.finance.yahoo.com/quote/5AB.SI/news?p=5AB.SI&.tsrc=fin-srch
5AE.SI,https://sg.finance.yahoo.com/quote/5AE.SI/news?p=5AE.SI&.tsrc=fin-srch
5AI.SI,https://sg.finance.yahoo.com/quote/5AI.SI/news?p=5AI.SI&.tsrc=fin-srch
5AL.SI,https://sg.finance.yahoo.com/quote/5AL.SI/news?p=5AL.SI&.tsrc=fin-srch
5AM.SI,
5AU.SI,https://sg.finance.yahoo.com/quote/5AU.SI/news?p=5AU.SI&.tsrc=fin-srch
5BI.SI,https://sg.finance.yahoo.com/quote/5BI.SI/news?p=5BI.SI&.tsrc=fin-srch
5BS.SI,
5CF.SI,https://sg.finance.yahoo.com/quote/5CF.SI/news?p=5CF.SI&.tsrc=fin-srch
5CP.SI,https://sg.finance.yahoo.com/quote/5CP.SI/news?p=5CP.SI&.tsrc=fin-srch
5CR.SI,https://sg.finance.yahoo.com/quote/5CR.SI/news?p=5CR.SI&.tsrc=fin-srch
5CT.SI,
5DD.SI,https://sg.finance.yahoo.com/quote/5DD.SI/news?p=5DD.SI&.tsrc=fin-srch
5DM.SI,https://sg.finance.yahoo.com/quote/5DM.SI/news?p=5DM.SI&.tsrc=fin-srch
5DN.SI,
5DO.SI,https://sg.finance.yahoo.com/quote/5DO.SI/news?p=5DO.SI&.tsrc=fin-srch
5DP.SI,https://sg.finance.yahoo.com/quote/5DP.SI/news?p=5DP.SI&.tsrc=fin-srch
5DS.SI,https://sg.finance.yahoo.com/quote/5DS.SI/news?p=5DS.SI&.tsrc=fin-srch
5DX.SI,https://sg.finance.yahoo.com/quote/5DX.SI/news?p=5DX.SI&.tsrc=fin-srch
5EB.SI,https://sg.finance.yahoo.com/quote/5EB.SI/news?p=5EB.SI&.tsrc=fin-srch
5EC.SI,
5EF.SI,https://sg.finance.yahoo.com/quote/5EF.SI/news?p=5EF.SI&.tsrc=fin-srch
5EG.SI,https://sg.finance.yahoo.com/quote/5EG.SI/news?p=5EG.SI&.tsrc=fin-srch
5EK.SI,https://sg.finance.yahoo.com/quote/5EK.SI/news?p=5EK.SI&.tsrc=fin-srch
5EL.SI,
5EN.SI,
5EV.SI,https://sg.finance.yahoo.com/quote/5EV.SI/news?p=5EV.SI&.tsrc=fin-srch
5EW.SI,https://sg.finance.yahoo.com/quote/5EW.SI/news?p=5EW.SI&.tsrc=fin-srch
5F4.SI,https://sg.finance.yahoo.com/quote/5F4.SI/news?p=5F4.SI&.tsrc=fin-srch
5F7.SI,https://sg.finance.yahoo.com/quote/5F7.SI/news?p=5F7.SI&.tsrc=fin-srch
5FL.SI,
5FW.SI,https://sg.finance.yahoo.com/quote/5FW.SI/news?p=5FW.SI&.tsrc=fin-srch
5FX.SI,https://sg.finance.yahoo.com/quote/5FX.SI/news?p=5FX.SI&.tsrc=fin-srch
5G1.SI,https://sg.finance.yahoo.com/quote/5G1.SI/news?p=5G1.SI&.tsrc=fin-srch
5G2.SI,https://sg.finance.yahoo.com/quote/5G2.SI/news?p=5G2.SI&.tsrc=fin-srch
5G3.SI,https://sg.finance.yahoo.com/quote/5G3.SI/news?p=5G3.SI&.tsrc=fin-srch
5G4.SI,
5G9.SI,https://sg.finance.yahoo.com/quote/5G9.SI/news?p=5G9.SI&.tsrc=fin-srch
5GD.SI,https://sg.finance.yahoo.com/quote/5GD.SI/news?p=5GD.SI&.tsrc=fin-srch
5GF.SI,
5GI.SI,https://sg.finance.yahoo.com/quote/5GI.SI/news?p=5GI.SI&.tsrc=fin-srch
5GJ.SI,https://sg.finance.yahoo.com/quote/5GJ.SI/news?p=5GJ.SI&.tsrc=fin-srch
5GZ.SI,https://sg.finance.yahoo.com/quote/5GZ.SI/news?p=5GZ.SI&.tsrc=fin-srch
5H0.SI,
5HC.SI,https://sg.finance.yahoo.com/quote/5HC.SI/news?p=5HC.SI&.tsrc=fin-srch
5HG.SI,https://sg.finance.yahoo.com/quote/5HG.SI/news?p=5HG.SI&.tsrc=fin-srch
5HH.SI,https://sg.finance.yahoo.com/quote/5HH.SI/news?p=5HH.SI&.tsrc=fin-srch
5HT.SI,https://sg.finance.yahoo.com/quote/5HT.SI/news?p=5HT.SI&.tsrc=fin-srch
5HV.SI,https://sg.finance.yahoo.com/quote/5HV.SI/news?p=5HV.SI&.tsrc=fin-srch
5I0.SI,https://sg.finance.yahoo.com/quote/5I0.SI/news?p=5I0.SI&.tsrc=fin-srch
5I1.SI,https://sg.finance.yahoo.com/quote/5I1.SI/news?p=5I1.SI&.tsrc=fin-srch
5I4.SI,https://sg.finance.yahoo.com/quote/5I4.SI/news?p=5I4.SI&.tsrc=fin-srch
5IC.SI,https://sg.finance.yahoo.com/quote/5IC.SI/news?p=5IC.SI&.tsrc=fin-srch
5IE.SI,
5IF.SI,https://sg.finance.yahoo.com/quote/5IF.SI/news?p=5IF.SI&.tsrc=fin-srch
5IG.SI,https://sg.finance.yahoo.com/quote/5IG.SI/news?p=5IG.SI&.tsrc=fin-srch
5JK.SI,https://sg.finance.yahoo.com/quote/5JK.SI/news?p=5JK.SI&.tsrc=fin-srch
5JS.SI,https://sg.finance.yahoo.com/quote/5JS.SI/news?p=5JS.SI&.tsrc=fin-srch
5KI.SI,https://sg.finance.yahoo.com/quote/5KI.SI/news?p=5KI.SI&.tsrc=fin-srch
5LE.SI,https://sg.finance.yahoo.com/quote/5LE.SI/news?p=5LE.SI&.tsrc=fin-srch
5LY.SI,https://sg.finance.yahoo.com/quote/5LY.SI/news?p=5LY.SI&.tsrc=fin-srch
5MD.SI,https://sg.finance.yahoo.com/quote/5MD.SI/news?p=5MD.SI&.tsrc=fin-srch
5ME.SI,
5ML.SI,https://sg.finance.yahoo.com/quote/5ML.SI/news?p=5ML.SI&.tsrc=fin-srch
5MM.SI,
5MQ.SI,
5MZ.SI,https://sg.finance.yahoo.com/quote/5MZ.SI/news?p=5MZ.SI&.tsrc=fin-srch
5NF.SI,https://sg.finance.yahoo.com/quote/5NF.SI/news?p=5NF.SI&.tsrc=fin-srch
5NG.SI,https://sg.finance.yahoo.com/quote/5NG.SI/news?p=5NG.SI&.tsrc=fin-srch
5NV.SI,https://sg.finance.yahoo.com/quote/5NV.SI/news?p=5NV.SI&.tsrc=fin-srch
5OC.SI,https://sg.finance.yahoo.com/quote/5OC.SI/news?p=5OC.SI&.tsrc=fin-srch
5OI.SI,https://sg.finance.yahoo.com/quote/5OI.SI/news?p=5OI.SI&.tsrc=fin-srch
5OQ.SI,https://sg.finance.yahoo.com/quote/5OQ.SI/news?p=5OQ.SI&.tsrc=fin-srch
5OR.SI,
5OT.SI,https://sg.finance.yahoo.com/quote/5OT.SI/news?p=5OT.SI&.tsrc=fin-srch
5OU.SI,
5OX.SI,https://sg.finance.yahoo.com/quote/5OX.SI/news?p=5OX.SI&.tsrc=fin-srch
5PC.SI,https://sg.finance.yahoo.com/quote/5PC.SI/news?p=5PC.SI&.tsrc=fin-srch
5PD.SI,https://sg.finance.yahoo.com/quote/5PD.SG/news?p=5PD.SG&.tsrc=fin-srch
5PF.SI,https://sg.finance.yahoo.com/quote/5PF.SI/news?p=5PF.SI&.tsrc=fin-srch
5PL.SI,
5PO.SI,https://sg.finance.yahoo.com/quote/5PO.SI/news?p=5PO.SI&.tsrc=fin-srch
5QR.SI,
5QT.SI,
5QY.SI,https://sg.finance.yahoo.com/quote/5QY.SI/news?p=5QY.SI&.tsrc=fin-srch
5RA.SI,https://sg.finance.yahoo.com/quote/5RA.SI/news?p=5RA.SI&.tsrc=fin-srch
5RC.SI,https://sg.finance.yahoo.com/quote/5RC.SI/news?p=5RC.SI&.tsrc=fin-srch
5RE.SI,https://sg.finance.yahoo.com/quote/5RE.SI/news?p=5RE.SI&.tsrc=fin-srch
5RF.SI,https://sg.finance.yahoo.com/quote/5RF.SI/news?p=5RF.SI&.tsrc=fin-srch
5SO.SI,https://sg.finance.yahoo.com/quote/5SO.SI/news?p=5SO.SI&.tsrc=fin-srch
5SR.SI,https://sg.finance.yahoo.com/quote/5SR.SI/news?p=5SR.SI&.tsrc=fin-srch
5SY.SI,https://sg.finance.yahoo.com/quote/5SY.SI/news?p=5SY.SI&.tsrc=fin-srch
5TI.SI,
5TJ.SI,https://sg.finance.yahoo.com/quote/5TJ.SI/news?p=5TJ.SI&.tsrc=fin-srch
5TN.SI,https://sg.finance.yahoo.com/quote/5TN.SI/news?p=5TN.SI&.tsrc=fin-srch
5TP.SI,https://sg.finance.yahoo.com/quote/5TP.SI/news?p=5TP.SI&.tsrc=fin-srch
5TR.SI,
5TT.SI,https://sg.finance.yahoo.com/quote/5TT.SI/news?p=5TT.SI&.tsrc=fin-srch
5TW.SI,
5TY.SI,https://sg.finance.yahoo.com/quote/5TY.SI/news?p=5TY.SI&.tsrc=fin-srch
5UA.SI,https://sg.finance.yahoo.com/quote/5UA.SI/news?p=5UA.SI&.tsrc=fin-srch
5UF.SI,https://sg.finance.yahoo.com/quote/5UF.SI/news?p=5UF.SI&.tsrc=fin-srch
5UL.SI,https://sg.finance.yahoo.com/quote/5UL.SI/news?p=5UL.SI&.tsrc=fin-srch
5UN.SI,
5UO.SI,
5UX.SI,https://sg.finance.yahoo.com/quote/5UX.SI/news?p=5UX.SI&.tsrc=fin-srch
5VC.SI,https://sg.finance.yahoo.com/quote/5VC.SI/news?p=5VC.SI&.tsrc=fin-srch
5VI.SI,https://sg.finance.yahoo.com/quote/5VI.SI/news?p=5VI.SI&.tsrc=fin-srch
5VJ.SI,https://sg.finance.yahoo.com/quote/5VJ.SI/news?p=5VJ.SI&.tsrc=fin-srch
5VP.SI,https://sg.finance.yahoo.com/quote/5VP.SI/news?p=5VP.SI&.tsrc=fin-srch
5VS.SI,https://sg.finance.yahoo.com/quote/5VS.SI/news?p=5VS.SI&.tsrc=fin-srch
5WA.SI,https://sg.finance.yahoo.com/quote/5WA.SI/news?p=5WA.SI&.tsrc=fin-srch
5WE.SI,https://sg.finance.yahoo.com/quote/5WE.SI/news?p=5WE.SI&.tsrc=fin-srch
5WF.SI,https://sg.finance.yahoo.com/quote/5WF.SI/news?p=5WF.SI&.tsrc=fin-srch
5WG.SI,
5WH.SI,https://sg.finance.yahoo.com/quote/5WH.SI/news?p=5WH.SI&.tsrc=fin-srch
5WJ.SI,https://sg.finance.yahoo.com/quote/5WJ.SI/news?p=5WJ.SI&.tsrc=fin-srch
5WV.SI,https://sg.finance.yahoo.com/quote/5WV.SI/news?p=5WV.SI&.tsrc=fin-srch
600.SI,
8A1.SI,https://sg.finance.yahoo.com/quote/8A1.SI/news?p=8A1.SI&.tsrc=fin-srch
8AZ.SI,https://sg.finance.yahoo.com/quote/8AZ.SI/news?p=8AZ.SI&.tsrc=fin-srch
8K7.SI,https://sg.finance.yahoo.com/quote/8K7.SI/news?p=8K7.SI&.tsrc=fin-srch
8YY.SI,https://sg.finance.yahoo.com/quote/8YY.SI/news?p=8YY.SI&.tsrc=fin-srch
9CI.SI,https://sg.finance.yahoo.com/quote/9CI.SI/news?p=9CI.SI&.tsrc=fin-srch
A04.SI,https://sg.finance.yahoo.com/quote/A04.SI/news?p=A04.SI&.tsrc=fin-srch
A05.SI,https://sg.finance.yahoo.com/quote/A05.SI/news?p=A05.SI&.tsrc=fin-srch
A17U.SI,https://sg.finance.yahoo.com/quote/A17U.SI/news?p=A17U.SI&.tsrc=fin-srch
A26.SI,https://sg.finance.yahoo.com/quote/A26.SI/news?p=A26.SI&.tsrc=fin-srch
A30.SI,https://sg.finance.yahoo.com/quote/A30.SI/news?p=A30.SI&.tsrc=fin-srch
A31.SI,https://sg.finance.yahoo.com/quote/A31.SI/news?p=A31.SI&.tsrc=fin-srch
A33.SI,https://sg.finance.yahoo.com/quote/A33.SI/news?p=A33.SI&.tsrc=fin-srch
A34.SI,https://sg.finance.yahoo.com/quote/A34.SI/news?p=A34.SI&.tsrc=fin-srch
A35.SI,https://sg.finance.yahoo.com/quote/A35.SI?p=A35.SI
A50.SI,https://sg.finance.yahoo.com/quote/A50.SI?p=A50.SI&.tsrc=fin-srch
A52.SI,https://sg.finance.yahoo.com/quote/A52.SI?p=A52.SI&.tsrc=fin-srch
A55.SI,https://sg.finance.yahoo.com/quote/A55.SI?p=A55.SI&.tsrc=fin-srch
A75.SI,
A78.SI,https://sg.finance.yahoo.com/quote/A78.SI/news?p=A78.SI&.tsrc=fin-srch
A7RU.SI,https://sg.finance.yahoo.com/quote/A7RU.SI/news?p=A7RU.SI&.tsrc=fin-srch
AAJ.SI,
ACV,https://sg.finance.yahoo.com/quote/ACV/news?p=ACV&.tsrc=fin-srch
ADJ,https://sg.finance.yahoo.com/quote/AST%3DF?p=AST%3DF
ADN,https://sg.finance.yahoo.com/quote/ADN?p=ADN&.tsrc=fin-srch
ADP,https://sg.finance.yahoo.com/quote/ADP?p=ADP&.tsrc=fin-srch
AFC.SI,
AGS,https://sg.finance.yahoo.com/quote/AGS/news?p=AGS&.tsrc=fin-srch
AIY.SI,https://sg.finance.yahoo.com/quote/AIY.SI/news?p=AIY.SI&.tsrc=fin-srch
AJ2.SI,https://sg.finance.yahoo.com/quote/AJ2.SI/news?p=AJ2.SI&.tsrc=fin-srch
AJBU.SI,https://sg.finance.yahoo.com/quote/AJBU.SI/news?p=AJBU.SI&.tsrc=fin-srch
AOF.SI,https://sg.finance.yahoo.com/quote/AOF.SI/news?p=AOF.SI&.tsrc=fin-srch
AP4.SI,https://sg.finance.yahoo.com/quote/AP4.SI/news?p=AP4.SI&.tsrc=fin-srch
AU8U.SI,https://sg.finance.yahoo.com/quote/AU8U.SI/news?p=AU8U.SI&.tsrc=fin-srch
AUE.SI,https://sg.finance.yahoo.com/quote/AUE.SI/news?p=AUE.SI&.tsrc=fin-srch
AVM,https://sg.finance.yahoo.com/quote/AVM.SI/news?p=AVM.SI&.tsrc=fin-srch
AVX.SI,https://sg.finance.yahoo.com/quote/AVX.SI/news?p=AVX.SI&.tsrc=fin-srch
AW9U.SI,https://sg.finance.yahoo.com/quote/AW9U.SI/news?p=AW9U.SI&.tsrc=fin-srch
AWC,https://sg.finance.yahoo.com/quote/AWC.AX/news?p=AWC.AX&.tsrc=fin-srch
AWE.SI,https://sg.finance.yahoo.com/quote/AWE.SI/news?p=AWE.SI&.tsrc=fin-srch
AWG.SI,https://sg.finance.yahoo.com/quote/AWG.SI/news?p=AWG.SI&.tsrc=fin-srch
AWI,https://sg.finance.yahoo.com/quote/AWI/news?p=AWI&.tsrc=fin-srch
AWK,https://sg.finance.yahoo.com/quote/AWK/news?p=AWK&.tsrc=fin-srch
AWM,https://sg.finance.yahoo.com/quote/AW1.AX/news?p=AW1.AX&.tsrc=fin-srch
AWS,https://sg.finance.yahoo.com/quote/AWSHX?p=AWSHX
AWV.SI,https://sg.finance.yahoo.com/quote/AWV.SI?p=AWV.SI&.tsrc=fin-srch
AWX,https://sg.finance.yahoo.com/quote/AWX?p=AWX&.tsrc=fin-srch
AWZ.SI,https://sg.finance.yahoo.com/quote/AWZ.SI?p=AWZ.SI&.tsrc=fin-srch
AXB.SI,https://sg.finance.yahoo.com/quote/AXB.SI?p=AXB.SI&.tsrc=fin-srch
AYD,https://sg.finance.yahoo.com/quote/AYDEM.IS?p=AYDEM.IS&.tsrc=fin-srch
AYN.SI,https://sg.finance.yahoo.com/quote/AYN.SI?p=AYN.SI&.tsrc=fin-srch
AYV.SI,https://sg.finance.yahoo.com/quote/AYV.SI?p=AYV.SI&.tsrc=fin-srch
AZA,https://sg.finance.yahoo.com/quote/AZA.ST?p=AZA.ST&.tsrc=fin-srch
AZG,https://sg.finance.yahoo.com/quote/AZG2.SG?p=AZG2.SG&.tsrc=fin-srch
AZR,https://sg.finance.yahoo.com/quote/AZRE?p=AZRE&.tsrc=fin-srch
AZT,https://sg.finance.yahoo.com/quote/AZTA?p=AZTA&.tsrc=fin-srch
B0Z.SI,
B26.SI,https://sg.finance.yahoo.com/quote/B26.SI/news?p=B26.SI&.tsrc=fin-srch
B28.SI,https://sg.finance.yahoo.com/quote/B28.SI/news?p=B28.SI&.tsrc=fin-srch
B49.SI,https://sg.finance.yahoo.com/quote/B49.SI/news?p=B49.SI&.tsrc=fin-srch
B58.SI,https://sg.finance.yahoo.com/quote/B58.SI/news?p=B58.SI&.tsrc=fin-srch
B61.SI,https://sg.finance.yahoo.com/quote/B61.SI/news?p=B61.SI&.tsrc=fin-srch
B69.SI,https://sg.finance.yahoo.com/quote/B69.SI/news?p=B69.SI&.tsrc=fin-srch
B73.SI,https://sg.finance.yahoo.com/quote/B73.SI/news?p=B73.SI&.tsrc=fin-srch
B9S.SI,https://sg.finance.yahoo.com/quote/B9S.SI/news?p=B9S.SI&.tsrc=fin-srch
BAC,https://sg.finance.yahoo.com/quote/BAC/news?p=BAC&.tsrc=fin-srch
BAI.SI,https://sg.finance.yahoo.com/quote/BAI.SI/news?p=BAI.SI&.tsrc=fin-srch
BAZ.SI,https://sg.finance.yahoo.com/quote/BAZ.SI/news?p=BAZ.SI&.tsrc=fin-srch
BBP,https://sg.finance.yahoo.com/quote/BBP?p=BBP
BBW,https://sg.finance.yahoo.com/quote/BBW?p=BBW&.tsrc=fin-srch
BCD,https://sg.finance.yahoo.com/quote/BCD?p=BCD&.tsrc=fin-srch
BCV,https://sg.finance.yahoo.com/quote/BCV?p=BCV&.tsrc=fin-srch
BCY.SI,https://sg.finance.yahoo.com/quote/BCY.SI?p=BCY.SI&.tsrc=fin-srch
BCZ,https://sg.finance.yahoo.com/quote/BCZ.F?p=BCZ.F&.tsrc=fin-srch
BDA.SI,https://sg.finance.yahoo.com/quote/BDA.SI?p=BDA.SI&.tsrc=fin-srch
BDF,https://sg.finance.yahoo.com/quote/BDFIX?p=BDFIX&.tsrc=fin-srch
BDN,https://sg.finance.yahoo.com/quote/BDN?p=BDN&.tsrc=fin-srch
BDR,https://sg.finance.yahoo.com/quote/BDR?p=BDR&.tsrc=fin-srch
BDU.SI,https://sg.finance.yahoo.com/quote/BDU.SI?p=BDU.SI&.tsrc=fin-srch
BDX,https://sg.finance.yahoo.com/quote/BDX?p=BDX&.tsrc=fin-srch
BEC,https://sg.finance.yahoo.com/quote/BDX?p=BDX&.tsrc=fin-srch
BEH.SI,https://sg.finance.yahoo.com/quote/BEH.SI?p=BEH.SI&.tsrc=fin-srch
BEI,https://sg.finance.yahoo.com/quote/BGNE?p=BGNE&.tsrc=fin-srch
BEV,https://sg.finance.yahoo.com/quote/MNST?p=MNST&.tsrc=fin-srch
BEW,https://sg.finance.yahoo.com/quote/BEW.V?p=BEW.V&.tsrc=fin-srch
BEZ.SI,https://sg.finance.yahoo.com/quote/BEZ.SI?p=BEZ.SI&.tsrc=fin-srch
BFI,https://sg.finance.yahoo.com/quote/BFLY?p=BFLY&.tsrc=fin-srch
BFK,https://sg.finance.yahoo.com/quote/BFK?p=BFK&.tsrc=fin-srch
BFT.SI,https://sg.finance.yahoo.com/quote/BFT.SI?p=BFT.SI&.tsrc=fin-srch
BFU.SI,https://sg.finance.yahoo.com/quote/BFU.SI?p=BFU.SI&.tsrc=fin-srch
BGK,https://sg.finance.yahoo.com/quote/BGKEX?p=BGKEX&.tsrc=fin-srch
BGO,https://sg.finance.yahoo.com/quote/BGO.L?p=BGO.L&.tsrc=fin-srch
BHD.SI,https://sg.finance.yahoo.com/quote/BHD.SI?p=BHD.SI&.tsrc=fin-srch
BHK,https://sg.finance.yahoo.com/quote/BHK?p=BHK&.tsrc=fin-srch
BHU.SI,https://sg.finance.yahoo.com/quote/BHU.SI?p=BHU.SI&.tsrc=fin-srch
BIP,https://sg.finance.yahoo.com/quote/BIP?p=BIP&.tsrc=fin-srch
BIX.SI,https://sg.finance.yahoo.com/quote/BIX.SI?p=BIX.SI&.tsrc=fin-srch
BJD.SI,https://sg.finance.yahoo.com/quote/BJD.SI?p=BJD.SI&.tsrc=fin-srch
BJV,https://sg.finance.yahoo.com/quote/BJV.F?p=BJV.F&.tsrc=fin-srch
BJW.SI,https://sg.finance.yahoo.com/quote/BJW.SI?p=BJW.SI&.tsrc=fin-srch
BJZ,https://sg.finance.yahoo.com/quote/BJZ.SI?p=BJZ.SI&.tsrc=fin-srch
BKA.SI,https://sg.finance.yahoo.com/quote/BKA.SI?p=BKA.SI&.tsrc=fin-srch
BKK.SI,
BKV.SI,https://sg.finance.yahoo.com/quote/BKV.SI/news?p=BKV.SI&.tsrc=fin-srch
BKW.SI,https://sg.finance.yahoo.com/quote/BKW.SI/news?p=BKW.SI&.tsrc=fin-srch
BKX.SI,https://sg.finance.yahoo.com/quote/BKX.SI/news?p=BKX.SI&.tsrc=fin-srch
BKZ.SI,
BLA.SI,https://sg.finance.yahoo.com/quote/BLA.SI/news?p=BLA.SI&.tsrc=fin-srch
BLH,https://sg.finance.yahoo.com/quote/BLHY?p=BLHY
BLR,https://sg.finance.yahoo.com/quote/BLRX?p=BLRX&.tsrc=fin-srch
BLS,https://sg.finance.yahoo.com/quote/BLSP?p=BLSP&.tsrc=fin-srch
BLU,https://sg.finance.yahoo.com/quote/BLU?p=BLU&.tsrc=fin-srch
BLW,https://sg.finance.yahoo.com/quote/BLW?p=BLW&.tsrc=fin-srch
BLZ,https://sg.finance.yahoo.com/quote/BLZE?p=BLZE&.tsrc=fin-srch
BMGU.SI,https://sg.finance.yahoo.com/quote/BMGU.SI?p=BMGU.SI&.tsrc=fin-srch
BMT,https://sg.finance.yahoo.com/quote/BMTX?p=BMTX&.tsrc=fin-srch
BN2.SI,https://sg.finance.yahoo.com/quote/BN2.SI?p=BN2.SI&.tsrc=fin-srch
BN4.SI,https://sg.finance.yahoo.com/quote/BN4.SI?p=BN4.SI&.tsrc=fin-srch
BNE,https://sg.finance.yahoo.com/quote/BNE?p=BNE&.tsrc=fin-srch
BOU,https://sg.finance.yahoo.com/quote/LOCL?p=LOCL&.tsrc=fin-srch
BPF.SI,https://sg.finance.yahoo.com/quote/BPF.SI?p=BPF.SI&.tsrc=fin-srch
BQC.SI,https://sg.finance.yahoo.com/quote/BQC.SI?p=BQC.SI&.tsrc=fin-srch
BQD.SI,https://sg.finance.yahoo.com/quote/BQD.SI?p=BQD.SI&.tsrc=fin-srch
BQF.SI,https://sg.finance.yahoo.com/quote/BQF.SI?p=BQF.SI&.tsrc=fin-srch
BQM.SI,https://sg.finance.yahoo.com/quote/BQM.SI?p=BQM.SI&.tsrc=fin-srch
BQN.SI,https://sg.finance.yahoo.com/quote/BQN.SI?p=BQN.SI&.tsrc=fin-srch
BQP,https://sg.finance.yahoo.com/quote/BQP.SI?p=BQP.SI&.tsrc=fin-srch
BRD,https://sg.finance.yahoo.com/quote/BZ%3DF?p=BZ%3DF&.tsrc=fin-srch
BRS.SI,https://sg.finance.yahoo.com/quote/BRS.SI?p=BRS.SI&.tsrc=fin-srch
BS6.SI,https://sg.finance.yahoo.com/quote/BS6.SI?p=BS6.SI&.tsrc=fin-srch
BSL,https://sg.finance.yahoo.com/quote/BSL?p=BSL&.tsrc=fin-srch
BTE.SI,https://sg.finance.yahoo.com/quote/BTE.SI?p=BTE.SI&.tsrc=fin-srch
BTF,https://sg.finance.yahoo.com/quote/BTF?p=BTF&.tsrc=fin-srch
BTG,https://sg.finance.yahoo.com/quote/BTG?p=BTG&.tsrc=fin-srch
BTJ.SI,https://sg.finance.yahoo.com/quote/BTJ.SI?p=BTJ.SI&.tsrc=fin-srch
BTM.SI,https://sg.finance.yahoo.com/quote/BTM.SI?p=BTM.SI&.tsrc=fin-srch
BTOU.SI,https://sg.finance.yahoo.com/quote/BTOU.SI?p=BTOU.SI&.tsrc=fin-srch
BTP,https://sg.finance.yahoo.com/quote/BTPS.JK?p=BTPS.JK&.tsrc=fin-srch
BTX,https://sg.finance.yahoo.com/quote/BTX?p=BTX&.tsrc=fin-srch
BTY.SI,
BUOU.SI,https://sg.finance.yahoo.com/quote/BUOU.SI/news?p=BUOU.SI&.tsrc=fin-srch
BVA.SI,https://sg.finance.yahoo.com/quote/BVA.SI/news?p=BVA.SI&.tsrc=fin-srch
BVP.SI,
BVQ.SI,https://sg.finance.yahoo.com/quote/BVQ.SI/news?p=BVQ.SI&.tsrc=fin-srch
BWCU.SI,https://sg.finance.yahoo.com/quote/BWCU.SI/news?p=BWCU.SI&.tsrc=fin-srch
BWM.SI,https://sg.finance.yahoo.com/quote/BWM.SI/news?p=BWM.SI&.tsrc=fin-srch
BXE.SI,https://sg.finance.yahoo.com/quote/BXE.SI/news?p=BXE.SI&.tsrc=fin-srch
BYI.SI,https://sg.finance.yahoo.com/quote/BYI.SI?p=BYI.SI
BYJ.SI,https://sg.finance.yahoo.com/quote/BYJ.SI?p=BYJ.SI&.tsrc=fin-srch
C04.SI,https://sg.finance.yahoo.com/quote/C04.SI?p=C04.SI&.tsrc=fin-srch
C05.SI,https://sg.finance.yahoo.com/quote/C05.SI?p=C05.SI&.tsrc=fin-srch
C06.SI,https://sg.finance.yahoo.com/quote/C06.SI?p=C06.SI&.tsrc=fin-srch
C07.SI,https://sg.finance.yahoo.com/quote/C07.SI?p=C07.SI&.tsrc=fin-srch
C09.SI,https://sg.finance.yahoo.com/quote/C09.SI?p=C09.SI&.tsrc=fin-srch
C13.SI,https://sg.finance.yahoo.com/quote/C13.SI?p=C13.SI&.tsrc=fin-srch
c29.SI,https://sg.finance.yahoo.com/quote/C29.SI?p=C29.SI&.tsrc=fin-srch
C2PU.SI,https://sg.finance.yahoo.com/quote/C2PU.SI?p=C2PU.SI&.tsrc=fin-srch
C33.SI,https://sg.finance.yahoo.com/quote/C33.SI?p=C33.SI&.tsrc=fin-srch
C38U.SI,https://sg.finance.yahoo.com/quote/C38U.SI?p=C38U.SI&.tsrc=fin-srch
C41.SI,https://sg.finance.yahoo.com/quote/C41.SI?p=C41.SI&.tsrc=fin-srch
C52.SI,https://sg.finance.yahoo.com/quote/C52.SI?p=C52.SI&.tsrc=fin-srch
C6L.SI,https://sg.finance.yahoo.com/quote/C6L.SI?p=C6L.SI&.tsrc=fin-srch
C70.SI,https://sg.finance.yahoo.com/quote/C70.SI?p=C70.SI&.tsrc=fin-srch
C76.SI,https://sg.finance.yahoo.com/quote/C76.SI?p=C76.SI&.tsrc=fin-srch
C8R.SI,https://sg.finance.yahoo.com/quote/C8R.SI?p=C8R.SI&.tsrc=fin-srch
C92.SI,
C9Q.SI,https://sg.finance.yahoo.com/quote/C9Q.SI/news?p=C9Q.SI&.tsrc=fin-srch
CC3.SI,https://sg.finance.yahoo.com/quote/CC3.SI/news?p=CC3.SI&.tsrc=fin-srch
CEDU.SI,https://sg.finance.yahoo.com/quote/CEDU.SI/news?p=CEDU.SI&.tsrc=fin-srch
CFA,https://sg.finance.yahoo.com/quote/CF/news?p=CF&.tsrc=fin-srch
CGN,https://sg.finance.yahoo.com/quote/CGNX/news?p=CGNX&.tsrc=fin-srch
CGP,https://sg.finance.yahoo.com/quote/CG/news?p=CG&.tsrc=fin-srch
CHJ.SI,https://sg.finance.yahoo.com/quote/CHJ.SI/news?p=CHJ.SI&.tsrc=fin-srch
CHZ,https://sg.finance.yahoo.com/quote/CHZ-USD?p=CHZ-USD
CIN,https://sg.finance.yahoo.com/quote/CIDM?p=CIDM&.tsrc=fin-srch
CJLU.SI,https://sg.finance.yahoo.com/quote/CJLU.SI?p=CJLU.SI&.tsrc=fin-srch
CJN,
CLN,https://sg.finance.yahoo.com/quote/CLNE/news?p=CLNE&.tsrc=fin-srch
CLR,https://sg.finance.yahoo.com/quote/CLR/news?p=CLR&.tsrc=fin-srch
CMOU.SI,https://sg.finance.yahoo.com/quote/CMOU.SI/news?p=CMOU.SI&.tsrc=fin-srch
CNE.SI,https://sg.finance.yahoo.com/quote/CNE.SI/news?p=CNE.SI&.tsrc=fin-srch
COI.SI,https://sg.finance.yahoo.com/quote/COI.SI?p=COI.SI
CRPU.SI,https://sg.finance.yahoo.com/quote/CRPU.SI/news?p=CRPU.SI&.tsrc=fin-srch
CTO,https://sg.finance.yahoo.com/quote/CTO/news?p=CTO&.tsrc=fin-srch
CWBU.SI,https://sg.finance.yahoo.com/quote/CWBU.SI/news?p=CWBU.SI&.tsrc=fin-srch
CY6U.SI,https://sg.finance.yahoo.com/quote/CY6U.SI/news?p=CY6U.SI&.tsrc=fin-srch
CYB,https://sg.finance.yahoo.com/quote/CYDY/news?p=CYDY&.tsrc=fin-srch
CYC,https://sg.finance.yahoo.com/quote/LICY/news?p=LICY&.tsrc=fin-srch
CYW.SI,https://sg.finance.yahoo.com/quote/CYW.SI/news?p=CYW.SI&.tsrc=fin-srch
D01.SI,https://sg.finance.yahoo.com/quote/D01.SI/news?p=D01.SI&.tsrc=fin-srch
D03.SI,https://sg.finance.yahoo.com/quote/D03.SI/news?p=D03.SI&.tsrc=fin-srch
D05.SI,https://sg.finance.yahoo.com/quote/D05.SI/news?p=D05.SI&.tsrc=fin-srch
D07.SI,https://sg.finance.yahoo.com/quote/D07.SI?p=D07.SI
D11.SI,
D5IU.SI,https://sg.finance.yahoo.com/quote/D5IU.SI/news?p=D5IU.SI&.tsrc=fin-srch
D8DU.SI,https://sg.finance.yahoo.com/quote/D8DU.SI/news?p=D8DU.SI&.tsrc=fin-srch
DCRU.SI,https://sg.finance.yahoo.com/quote/DCRU.SI/news?p=DCRU.SI&.tsrc=fin-srch
DGRW,https://sg.finance.yahoo.com/quote/DGRW?p=DGRW
DHLU.SI,https://sg.finance.yahoo.com/quote/DHLU.SI?p=DHLU.SI&.tsrc=fin-srch
DM0.SI,https://sg.finance.yahoo.com/quote/DM0.SI?p=DM0.SI&.tsrc=fin-srch
DPWW,https://sg.finance.yahoo.com/quote/DPWW?p=DPWW&.tsrc=fin-srch
DRX,https://sg.finance.yahoo.com/quote/DRX.TO?p=DRX.TO&.tsrc=fin-srch
DU4.SI,https://sg.finance.yahoo.com/quote/DU4.SI?p=DU4.SI&.tsrc=fin-srch
DWAW,https://sg.finance.yahoo.com/quote/DWAW?p=DWAW&.tsrc=fin-srch
E27.SI,https://sg.finance.yahoo.com/quote/E27.SI?p=E27.SI&.tsrc=fin-srch
E28.SI,https://sg.finance.yahoo.com/quote/E28.SI?p=E28.SI&.tsrc=fin-srch
E3B.SI,https://sg.finance.yahoo.com/quote/E3B.SI?p=E3B.SI&.tsrc=fin-srch
E5H.SI,https://sg.finance.yahoo.com/quote/E5H.SI?p=E5H.SI&.tsrc=fin-srch
E6R.SI,https://sg.finance.yahoo.com/quote/E6R.SI?p=E6R.SI&.tsrc=fin-srch
E8Z.SI,https://sg.finance.yahoo.com/quote/E8Z.SI?p=E8Z.SI&.tsrc=fin-srch
E9L.SI,https://sg.finance.yahoo.com/quote/E9L.SI?p=E9L.SI&.tsrc=fin-srch
EB5.SI,https://sg.finance.yahoo.com/quote/EB5.SI?p=EB5.SI&.tsrc=fin-srch
EB7.SI,
EG0.SI,
EH5.SI,https://sg.finance.yahoo.com/quote/EH5.SI/news?p=EH5.SI&.tsrc=fin-srch
EHG,https://sg.finance.yahoo.com/quote/EHG.SI/news?p=EHG.SI&.tsrc=fin-srch
ER0.SI,https://sg.finance.yahoo.com/quote/ER0.SI/news?p=ER0.SI&.tsrc=fin-srch
ES3.SI,https://sg.finance.yahoo.com/quote/ES3.SI?p=ES3.SI
EVD,https://sg.finance.yahoo.com/quote/EVD.DE?p=EVD.DE&.tsrc=fin-srch
EVS.SI,https://sg.finance.yahoo.com/quote/EVS.SI?p=EVS.SI&.tsrc=fin-srch
F03.SI,https://sg.finance.yahoo.com/quote/F03.SI?p=F03.SI&.tsrc=fin-srch
F10.SI,https://sg.finance.yahoo.com/quote/F10.SI?p=F10.SI&.tsrc=fin-srch
F13.SI,https://sg.finance.yahoo.com/quote/F13.SI?p=F13.SI&.tsrc=fin-srch
F17.SI,https://sg.finance.yahoo.com/quote/F17.SI?p=F17.SI&.tsrc=fin-srch
F1E.SI,https://sg.finance.yahoo.com/quote/F1E.SI?p=F1E.SI&.tsrc=fin-srch
F34.SI,https://sg.finance.yahoo.com/quote/F34.SI?p=F34.SI&.tsrc=fin-srch
F83.SI,https://sg.finance.yahoo.com/quote/F83.SI?p=F83.SI&.tsrc=fin-srch
F86.SI,https://sg.finance.yahoo.com/quote/F86.SI?p=F86.SI&.tsrc=fin-srch
F99.SI,https://sg.finance.yahoo.com/quote/F99.SI?p=F99.SI&.tsrc=fin-srch
F9D.SI,https://sg.finance.yahoo.com/quote/F9D.SI?p=F9D.SI&.tsrc=fin-srch
FQ7.SI,https://sg.finance.yahoo.com/quote/FQ7.SI?p=FQ7.SI&.tsrc=fin-srch
FRQ.SI,https://sg.finance.yahoo.com/quote/FRQ.SI?p=FRQ.SI&.tsrc=fin-srch
G07.SI,https://sg.finance.yahoo.com/quote/G07.SI?p=G07.SI&.tsrc=fin-srch
G0I.SI,https://sg.finance.yahoo.com/quote/G0I.SI?p=G0I.SI&.tsrc=fin-srch
G11.SI,
G13.SI,https://sg.finance.yahoo.com/quote/G13.SI/news?p=G13.SI&.tsrc=fin-srch
G1N.SI,https://sg.finance.yahoo.com/quote/G1N.SI?p=G1N.SI
G20.SI,https://sg.finance.yahoo.com/quote/G20.SI?p=G20.SI&.tsrc=fin-srch
G3B.SI,https://sg.finance.yahoo.com/quote/G3B.SI?p=G3B.SI&.tsrc=fin-srch
G41.SI,https://sg.finance.yahoo.com/quote/G41.SI?p=G41.SI&.tsrc=fin-srch
G50.SI,https://sg.finance.yahoo.com/quote/G50.SI?p=G50.SI&.tsrc=fin-srch
G92.SI,https://sg.finance.yahoo.com/quote/G92.SI?p=G92.SI&.tsrc=fin-srch
GRE,https://sg.finance.yahoo.com/quote/GTBIF?p=GTBIF&.tsrc=fin-srch
GRN,https://sg.finance.yahoo.com/quote/GRN?p=GRN&.tsrc=fin-srch
GRQ.SI,https://sg.finance.yahoo.com/quote/GRQ.SI?p=GRQ.SI&.tsrc=fin-srch
GSD,https://sg.finance.yahoo.com/quote/GSD.SI?p=GSD.SI&.tsrc=fin-srch
GU5.SI,https://sg.finance.yahoo.com/quote/GU5.SI?p=GU5.SI&.tsrc=fin-srch
H02.SI,https://sg.finance.yahoo.com/quote/H02.SI?p=H02.SI&.tsrc=fin-srch
H07.SI,https://sg.finance.yahoo.com/quote/H07.SI?p=H07.SI&.tsrc=fin-srch
H12.SI,https://sg.finance.yahoo.com/quote/H12.SI?p=H12.SI&.tsrc=fin-srch
H13.SI,https://sg.finance.yahoo.com/quote/H13.SI?p=H13.SI&.tsrc=fin-srch
H15.SI,https://sg.finance.yahoo.com/quote/H15.SI?p=H15.SI&.tsrc=fin-srch
H18.SI,https://sg.finance.yahoo.com/quote/H18.SI?p=H18.SI&.tsrc=fin-srch
H19.SI,https://sg.finance.yahoo.com/quote/H19.SI?p=H19.SI&.tsrc=fin-srch
H1N.SI,https://sg.finance.yahoo.com/quote/H1N.SI?p=H1N.SI&.tsrc=fin-srch
H20.SI,https://sg.finance.yahoo.com/quote/H20.SI?p=H20.SI&.tsrc=fin-srch
H22.SI,https://sg.finance.yahoo.com/quote/H22.SI?p=H22.SI&.tsrc=fin-srch
H30.SI,https://sg.finance.yahoo.com/quote/H30.SI?p=H30.SI&.tsrc=fin-srch
H78.SI,https://sg.finance.yahoo.com/quote/H78.SI?p=H78.SI&.tsrc=fin-srch
HD9.SI,https://sg.finance.yahoo.com/quote/HD9.SI?p=HD9.SI&.tsrc=fin-srch
HKB,https://sg.finance.yahoo.com/quote/1310.HK?p=1310.HK&.tsrc=fin-srch
HMN,https://sg.finance.yahoo.com/quote/HMN?p=HMN&.tsrc=fin-srch
HST,https://sg.finance.yahoo.com/quote/HST?p=HST&.tsrc=fin-srch
i06.SI,https://sg.finance.yahoo.com/quote/I06.SI?p=I06.SI&.tsrc=fin-srch
i07.SI,https://sg.finance.yahoo.com/quote/I07.SI?p=I07.SI&.tsrc=fin-srch
i11.SI,https://sg.finance.yahoo.com/quote/I11.SI?p=I11.SI&.tsrc=fin-srch
i15.SI,https://sg.finance.yahoo.com/quote/I15.SI?p=I15.SI&.tsrc=fin-srch
i49.SI,https://sg.finance.yahoo.com/quote/I49.SI?p=I49.SI&.tsrc=fin-srch
I98.SI,https://sg.finance.yahoo.com/quote/I98.SI?p=I98.SI&.tsrc=fin-srch
IW5.SI,
IX2.SI,https://sg.finance.yahoo.com/quote/IX2.SI/news?p=IX2.SI&.tsrc=fin-srch
J03.SI,https://sg.finance.yahoo.com/quote/J03.SI/news?p=J03.SI&.tsrc=fin-srch
J17.SI,
J2T.SI,https://sg.finance.yahoo.com/quote/J2T.SI/news?p=J2T.SI&.tsrc=fin-srch
J36.SI,https://sg.finance.yahoo.com/quote/J36.SI/news?p=J36.SI&.tsrc=fin-srch
J69U.SI,https://sg.finance.yahoo.com/quote/J69U.SI/news?p=J69U.SI&.tsrc=fin-srch
J85.SI,https://sg.finance.yahoo.com/quote/J85.SI/news?p=J85.SI&.tsrc=fin-srch
J91U.SI,https://sg.finance.yahoo.com/quote/J91U.SI/news?p=J91U.SI&.tsrc=fin-srch
JK8.SI,https://sg.finance.yahoo.com/quote/JK8.SI?p=JK8.SI
JLB.SI,https://sg.finance.yahoo.com/quote/JLB.SI?p=JLB.SI&.tsrc=fin-srch
JYEU.SI,https://sg.finance.yahoo.com/quote/JYEU.SI?p=JYEU.SI&.tsrc=fin-srch
K03.SI,https://sg.finance.yahoo.com/quote/K03.SI?p=K03.SI&.tsrc=fin-srch
K1Q.SI,https://sg.finance.yahoo.com/quote/K1Q.SI?p=K1Q.SI&.tsrc=fin-srch
K29.SI,https://sg.finance.yahoo.com/quote/K29.SI?p=K29.SI&.tsrc=fin-srch
K2LU.SI,https://sg.finance.yahoo.com/quote/K2LU.SI?p=K2LU.SI&.tsrc=fin-srch
K3CD.SI,
K3DD.SI,
K3FD.SI,
K3HD.SI,
K3MD.SI,
K3OD.SI,https://sg.finance.yahoo.com/quote/K3OD.SI/news?p=K3OD.SI&.tsrc=fin-srch
K3RD.SI,
K3SD.SI,
K3TD.SI,
K6S.SI,https://sg.finance.yahoo.com/quote/K6S.SI/news?p=K6S.SI&.tsrc=fin-srch
K71U.SI,https://sg.finance.yahoo.com/quote/K71U.SI/news?p=K71U.SI&.tsrc=fin-srch
K75.SI,https://sg.finance.yahoo.com/quote/K75.SI/news?p=K75.SI&.tsrc=fin-srch
KI3.SI,
KJ5.SI,https://sg.finance.yahoo.com/quote/KJ5.SI/news?p=KJ5.SI&.tsrc=fin-srch
KJ7.SI,https://sg.finance.yahoo.com/quote/KJ7.SI?p=KJ7.SI
KUH,
KUO.SI,https://sg.finance.yahoo.com/quote/KUO.SI/news?p=KUO.SI&.tsrc=fin-srch
KUX.SI,https://sg.finance.yahoo.com/quote/KUX.SI/news?p=KUX.SI&.tsrc=fin-srch
KV4.SI,https://sg.finance.yahoo.com/quote/KV4.SI?p=KV4.SI
L02.SI,https://sg.finance.yahoo.com/quote/L02.SI?p=L02.SI&.tsrc=fin-srch
L03.SI,https://sg.finance.yahoo.com/quote/L03.SI?p=L03.SI&.tsrc=fin-srch
L09.SI,https://sg.finance.yahoo.com/quote/L09.SI?p=L09.SI&.tsrc=fin-srch
L19.SI,https://sg.finance.yahoo.com/quote/L19.SI?p=L19.SI&.tsrc=fin-srch
L23.SI,https://sg.finance.yahoo.com/quote/L23.SI?p=L23.SI&.tsrc=fin-srch
L38.SI,https://sg.finance.yahoo.com/quote/L38.SI?p=L38.SI&.tsrc=fin-srch
L5I.SI,
LG9.SI,https://sg.finance.yahoo.com/quote/LG9.SI?p=LG9.SI
LIW,https://sg.finance.yahoo.com/quote/LIWKX?p=LIWKX&.tsrc=fin-srch
LJ3.SI,https://sg.finance.yahoo.com/quote/LJ3.SI?p=LJ3.SI&.tsrc=fin-srch
LS9.SI,https://sg.finance.yahoo.com/quote/LS9.SI?p=LS9.SI&.tsrc=fin-srch
LSS,https://sg.finance.yahoo.com/quote/LSSNX?p=LSSNX&.tsrc=fin-srch
LUY,https://sg.finance.yahoo.com/quote/2186.HK?p=2186.HK&.tsrc=fin-srch
M01.SI,https://sg.finance.yahoo.com/quote/M01.SI?p=M01.SI&.tsrc=fin-srch
M03.SI,https://sg.finance.yahoo.com/quote/M03.SI?p=M03.SI&.tsrc=fin-srch
M04.SI,https://sg.finance.yahoo.com/quote/M04.SI?p=M04.SI&.tsrc=fin-srch
M05.SI,https://sg.finance.yahoo.com/quote/M05.SI?p=M05.SI&.tsrc=fin-srch
M11.SI,https://sg.finance.yahoo.com/quote/M11.SI?p=M11.SI&.tsrc=fin-srch
M14.SI,https://sg.finance.yahoo.com/quote/M14.SI?p=M14.SI&.tsrc=fin-srch
M15.SI,https://sg.finance.yahoo.com/quote/M15.SI?p=M15.SI&.tsrc=fin-srch
M1GU.SI,https://sg.finance.yahoo.com/quote/M1GU.SI?p=M1GU.SI&.tsrc=fin-srch
M1Z.SI,
M44U.SI,https://sg.finance.yahoo.com/quote/M44U.SI/news?p=M44U.SI&.tsrc=fin-srch
M62.SI,https://sg.finance.yahoo.com/quote/M62.SI?p=M62.SI
MBH.SI,https://sg.finance.yahoo.com/quote/MBH.SI?p=MBH.SI&.tsrc=fin-srch
ME8U.SI,https://sg.finance.yahoo.com/quote/ME8U.SI?p=ME8U.SI&.tsrc=fin-srch
MF6.SI,https://sg.finance.yahoo.com/quote/MF6.SI?p=MF6.SI&.tsrc=fin-srch
MIJ,https://sg.finance.yahoo.com/quote/MIJFX?p=MIJFX&.tsrc=fin-srch
MMS,https://sg.finance.yahoo.com/quote/MMS?p=MMS&.tsrc=fin-srch
MMT,https://sg.finance.yahoo.com/quote/MMT?p=MMT&.tsrc=fin-srch
MR7.SI,https://sg.finance.yahoo.com/quote/MR7.SI?p=MR7.SI&.tsrc=fin-srch
MT1.SI,
MV4.SI,https://sg.finance.yahoo.com/quote/MV4.SI/news?p=MV4.SI&.tsrc=fin-srch
MXNU.SI,https://sg.finance.yahoo.com/quote/MXNU.SI/news?p=MXNU.SI&.tsrc=fin-srch
MZH.SI,https://sg.finance.yahoo.com/quote/MZH.SI/news?p=MZH.SI&.tsrc=fin-srch
N01.SI,https://sg.finance.yahoo.com/quote/N01.SI/news?p=N01.SI&.tsrc=fin-srch
N02.SI,https://sg.finance.yahoo.com/quote/N02.SI/news?p=N02.SI&.tsrc=fin-srch
N08.SI,https://sg.finance.yahoo.com/quote/N08.SI/news?p=N08.SI&.tsrc=fin-srch
N0Z.SI,https://sg.finance.yahoo.com/quote/N0Z.SI/news?p=N0Z.SI&.tsrc=fin-srch
N2H.SI,
N2IU.SI,https://sg.finance.yahoo.com/quote/N2IU.SI/news?p=N2IU.SI&.tsrc=fin-srch
N32.SI,https://sg.finance.yahoo.com/quote/N32.SI/news?p=N32.SI&.tsrc=fin-srch
N33.SI,
N4E.SI,
N5YD.SI,
N6DD.SI,
N6M.SI,https://sg.finance.yahoo.com/quote/N6M.SI?p=N6M.SI
NC2.SI,https://sg.finance.yahoo.com/quote/NC2.SI?p=NC2.SI&.tsrc=fin-srch
NEX,https://sg.finance.yahoo.com/quote/NEX?p=NEX&.tsrc=fin-srch
NHD.SI,https://sg.finance.yahoo.com/quote/NHD.SI?p=NHD.SI&.tsrc=fin-srch
NO4.SI,https://sg.finance.yahoo.com/quote/NO4.SI?p=NO4.SI&.tsrc=fin-srch
NPW.SI,https://sg.finance.yahoo.com/quote/NPW.SI?p=NPW.SI&.tsrc=fin-srch
NR7.SI,https://sg.finance.yahoo.com/quote/NR7.SI?p=NR7.SI&.tsrc=fin-srch
NS8U.SI,https://sg.finance.yahoo.com/quote/NS8U.SI?p=NS8U.SI&.tsrc=fin-srch
NTU,https://sg.finance.yahoo.com/quote/NTUS?p=NTUS&.tsrc=fin-srch
O08.SI,https://sg.finance.yahoo.com/quote/O08.SI?p=O08.SI&.tsrc=fin-srch
O10.SI,https://sg.finance.yahoo.com/quote/O10.SI?p=O10.SI&.tsrc=fin-srch
O32.SI,https://sg.finance.yahoo.com/quote/O32.SI?p=O32.SI&.tsrc=fin-srch
O39.SI,https://sg.finance.yahoo.com/quote/O39.SI?p=O39.SI&.tsrc=fin-srch
O5RU.SI,https://sg.finance.yahoo.com/quote/O5RU.SI?p=O5RU.SI&.tsrc=fin-srch
O87.SI,https://sg.finance.yahoo.com/quote/O87.SI?p=O87.SI&.tsrc=fin-srch
O9A.SI,https://sg.finance.yahoo.com/quote/O9A.SI?p=O9A.SI&.tsrc=fin-srch
O9E.SI,https://sg.finance.yahoo.com/quote/O9E.SI?p=O9E.SI&.tsrc=fin-srch
O9P.SI,https://sg.finance.yahoo.com/quote/O9P.SI?p=O9P.SI&.tsrc=fin-srch
OAJ.SI,https://sg.finance.yahoo.com/quote/OAJ.SI?p=OAJ.SI&.tsrc=fin-srch
ODBU.SI,https://sg.finance.yahoo.com/quote/ODBU.SI?p=ODBU.SI&.tsrc=fin-srch
OMK.SI,https://sg.finance.yahoo.com/quote/OMK.SI?p=OMK.SI&.tsrc=fin-srch
OTS,https://sg.finance.yahoo.com/quote/4578.T?p=4578.T&.tsrc=fin-srch
OTX,https://sg.finance.yahoo.com/quote/OTX.F?p=OTX.F&.tsrc=fin-srch
OU8.SI,https://sg.finance.yahoo.com/quote/OU8.SI?p=OU8.SI&.tsrc=fin-srch
OV8.SI,https://sg.finance.yahoo.com/quote/OV8.SI?p=OV8.SI&.tsrc=fin-srch
OVQ.SI,https://sg.finance.yahoo.com/quote/OVQ.SI?p=OVQ.SI&.tsrc=fin-srch
OXMU.SI,https://sg.finance.yahoo.com/quote/OXMU.SI?p=OXMU.SI&.tsrc=fin-srch
OYY.SI,https://sg.finance.yahoo.com/quote/OYY.SI?p=OYY.SI&.tsrc=fin-srch
P11.SI,
P15.SI,https://sg.finance.yahoo.com/quote/P15.SI/news?p=P15.SI&.tsrc=fin-srch
P34.SI,https://sg.finance.yahoo.com/quote/P34.SI/news?p=P34.SI&.tsrc=fin-srch
P36.SI,https://sg.finance.yahoo.com/quote/P36.SI/news?p=P36.SI&.tsrc=fin-srch
P40U.SI,https://sg.finance.yahoo.com/quote/P40U.SI/news?p=P40U.SI&.tsrc=fin-srch
P52.SI,https://sg.finance.yahoo.com/quote/P52.SI/news?p=P52.SI&.tsrc=fin-srch
P58.SI,https://sg.finance.yahoo.com/quote/P58.SI?p=P58.SI
P5P.SI,https://sg.finance.yahoo.com/quote/P5P.SI?p=P5P.SI&.tsrc=fin-srch
P60.SI,https://sg.finance.yahoo.com/quote/P60.SI?p=P60.SI&.tsrc=fin-srch
P74.SI,
P7VU.SI,https://sg.finance.yahoo.com/quote/P7VU.SI/news?p=P7VU.SI&.tsrc=fin-srch
P8A.SI,https://sg.finance.yahoo.com/quote/P8A.SI/news?p=P8A.SI&.tsrc=fin-srch
P8Z.SI,https://sg.finance.yahoo.com/quote/P8Z.SI/news?p=P8Z.SI&.tsrc=fin-srch
P9D.SI,https://sg.finance.yahoo.com/quote/P9D.SI/news?p=P9D.SI&.tsrc=fin-srch
PA3.SI,https://sg.finance.yahoo.com/quote/PA3.SI/news?p=PA3.SI&.tsrc=fin-srch
PGU.SI,https://sg.finance.yahoo.com/quote/PGU.SI/news?p=PGU.SI&.tsrc=fin-srch
PH0.SI,https://sg.finance.yahoo.com/quote/PH0.SI/news?p=PH0.SI&.tsrc=fin-srch
PRH.SI,https://sg.finance.yahoo.com/quote/PRH.SI/news?p=PRH.SI&.tsrc=fin-srch
PU6D.SI,
Q01.SI,https://sg.finance.yahoo.com/quote/Q01.SI/news?p=Q01.SI&.tsrc=fin-srch
Q0F.SI,https://sg.finance.yahoo.com/quote/Q0F.SI/news?p=Q0F.SI&.tsrc=fin-srch
Q0X.SI,https://sg.finance.yahoo.com/quote/Q0X.SI/news?p=Q0X.SI&.tsrc=fin-srch
Q5T.SI,https://sg.finance.yahoo.com/quote/Q5T.SI/news?p=Q5T.SI&.tsrc=fin-srch
QC7.SI,https://sg.finance.yahoo.com/quote/QC7.SI/news?p=QC7.SI&.tsrc=fin-srch
QES.SI,https://sg.finance.yahoo.com/quote/QES.SI/news?p=QES.SI&.tsrc=fin-srch
QK9.SI,https://sg.finance.yahoo.com/quote/QK9.SI?p=QK9.SI
QL2.SI,https://sg.finance.yahoo.com/quote/QL2.SI?p=QL2.SI&.tsrc=fin-srch
QL3.SI,https://sg.finance.yahoo.com/quote/QL3.SI?p=QL3.SI&.tsrc=fin-srch
QNS.SI,https://sg.finance.yahoo.com/quote/QNS.SI?p=QNS.SI&.tsrc=fin-srch
QR9.SI,https://sg.finance.yahoo.com/quote/QR9.SI?p=QR9.SI&.tsrc=fin-srch
QS0.SI,https://sg.finance.yahoo.com/quote/QS0.SI?p=QS0.SI&.tsrc=fin-srch
QS9.SI,https://sg.finance.yahoo.com/quote/QS9.SI?p=QS9.SI&.tsrc=fin-srch
QSD.SI,https://sg.finance.yahoo.com/quote/QSD.SI?p=QSD.SI&.tsrc=fin-srch
QZG.SI,https://sg.finance.yahoo.com/quote/QZG.SI?p=QZG.SI&.tsrc=fin-srch
R14.SI,
RC5.SI,
RCU.SI,https://sg.finance.yahoo.com/quote/RCU.SI/news?p=RCU.SI&.tsrc=fin-srch
RDR.SI,https://sg.finance.yahoo.com/quote/RDR.SI/news?p=RDR.SI&.tsrc=fin-srch
RE4.SI,https://sg.finance.yahoo.com/quote/RE4.SI/news?p=RE4.SI&.tsrc=fin-srch
RQ1.SI,https://sg.finance.yahoo.com/quote/RQ1.SI/news?p=RQ1.SI&.tsrc=fin-srch
RS1.SI,https://sg.finance.yahoo.com/quote/RS1.SI/news?p=RS1.SI&.tsrc=fin-srch
RW0U.SI,https://sg.finance.yahoo.com/quote/RW0U.SI/news?p=RW0U.SI&.tsrc=fin-srch
S07.SI,https://sg.finance.yahoo.com/quote/S07.SI/news?p=S07.SI&.tsrc=fin-srch
S08.SI,https://sg.finance.yahoo.com/quote/S08.SI/news?p=S08.SI&.tsrc=fin-srch
S19.SI,https://sg.finance.yahoo.com/quote/S19.SI/news?p=S19.SI&.tsrc=fin-srch
S20.SI,https://sg.finance.yahoo.com/quote/S20.SI/news?p=S20.SI&.tsrc=fin-srch
S23.SI,https://sg.finance.yahoo.com/quote/S23.SI/news?p=S23.SI&.tsrc=fin-srch
S27.SI,https://sg.finance.yahoo.com/quote/S27.SI?p=S27.SI
S29.SI,https://sg.finance.yahoo.com/quote/S29.SI?p=S29.SI&.tsrc=fin-srch
S35.SI,https://sg.finance.yahoo.com/quote/S35.SI?p=S35.SI&.tsrc=fin-srch
S3N.SI,https://sg.finance.yahoo.com/quote/S3N.SI?p=S3N.SI&.tsrc=fin-srch
S41.SI,https://sg.finance.yahoo.com/quote/S41.SI?p=S41.SI&.tsrc=fin-srch
S44.SI,https://sg.finance.yahoo.com/quote/S44.SI?p=S44.SI&.tsrc=fin-srch
S45U.SI,https://sg.finance.yahoo.com/quote/S45U.SI?p=S45U.SI&.tsrc=fin-srch
S51.SI,https://sg.finance.yahoo.com/quote/S51.SI?p=S51.SI&.tsrc=fin-srch
S56.SI,https://sg.finance.yahoo.com/quote/S56.SI?p=S56.SI&.tsrc=fin-srch
S58.SI,https://sg.finance.yahoo.com/quote/S58.SI?p=S58.SI&.tsrc=fin-srch
S59.SI,https://sg.finance.yahoo.com/quote/S59.SI?p=S59.SI&.tsrc=fin-srch
S61.SI,https://sg.finance.yahoo.com/quote/S61.SI?p=S61.SI&.tsrc=fin-srch
S63.SI,https://sg.finance.yahoo.com/quote/S63.SI?p=S63.SI&.tsrc=fin-srch
S68.SI,https://sg.finance.yahoo.com/quote/S68.SI?p=S68.SI&.tsrc=fin-srch
S69.SI,https://sg.finance.yahoo.com/quote/S69.SI?p=S69.SI&.tsrc=fin-srch
S71.SI,https://sg.finance.yahoo.com/quote/S71.SI?p=S71.SI&.tsrc=fin-srch
S7OU.SI,https://sg.finance.yahoo.com/quote/S7OU.SI?p=S7OU.SI&.tsrc=fin-srch
S7P.SI,https://sg.finance.yahoo.com/quote/S7P.SI?p=S7P.SI&.tsrc=fin-srch
S85.SI,https://sg.finance.yahoo.com/quote/S85.SI?p=S85.SI&.tsrc=fin-srch
S9B.SI,https://sg.finance.yahoo.com/quote/S9B.SI?p=S9B.SI&.tsrc=fin-srch
SES,https://sg.finance.yahoo.com/quote/SES?p=SES&.tsrc=fin-srch
SJY,https://sg.finance.yahoo.com/quote/SJ?p=SJ&.tsrc=fin-srch
SK6U.SI,https://sg.finance.yahoo.com/quote/SK6U.SI?p=SK6U.SI&.tsrc=fin-srch
SRT,https://sg.finance.yahoo.com/quote/SRT?p=SRT&.tsrc=fin-srch
SSS.SI,https://sg.finance.yahoo.com/quote/SSS.SI?p=SSS.SI&.tsrc=fin-srch
SSU,https://sg.finance.yahoo.com/quote/SSU?p=SSU&.tsrc=fin-srch
STG,https://sg.finance.yahoo.com/quote/STG?p=STG&.tsrc=fin-srch
STP,https://sg.finance.yahoo.com/quote/STPZ?p=STPZ&.tsrc=fin-srch
SYM,https://sg.finance.yahoo.com/quote/SY1.DE?p=SY1.DE&.tsrc=fin-srch
T09.SI,
T12.SI,https://sg.finance.yahoo.com/quote/T12.SI/news?p=T12.SI&.tsrc=fin-srch
T13.SI,https://sg.finance.yahoo.com/quote/T13.SI/news?p=T13.SI&.tsrc=fin-srch
T14.SI,https://sg.finance.yahoo.com/quote/T14.SI/news?p=T14.SI&.tsrc=fin-srch
T15.SI,https://sg.finance.yahoo.com/quote/T15.SI/news?p=T15.SI&.tsrc=fin-srch
T24.SI,https://sg.finance.yahoo.com/quote/T24.SI/news?p=T24.SI&.tsrc=fin-srch
T39.SI,https://sg.finance.yahoo.com/quote/T39.SI/news?p=T39.SI&.tsrc=fin-srch
T41.SI,https://sg.finance.yahoo.com/quote/T41.SI/news?p=T41.SI&.tsrc=fin-srch
T43.SI,
T4B.SI,
T55.SI,https://sg.finance.yahoo.com/quote/T55.SI/news?p=T55.SI&.tsrc=fin-srch
T6I.SI,https://sg.finance.yahoo.com/quote/T6I.SI/news?p=T6I.SI&.tsrc=fin-srch
T82U.SI,https://sg.finance.yahoo.com/quote/T82U.SI/news?p=T82U.SI&.tsrc=fin-srch
T8V.SI,
TCU.SI,https://sg.finance.yahoo.com/quote/TCU.SI/news?p=TCU.SI&.tsrc=fin-srch
THVW,
TID.SI,https://sg.finance.yahoo.com/quote/TID.SI?p=TID.SI
TQ5.SI,https://sg.finance.yahoo.com/quote/TQ5.SI?p=TQ5.SI&.tsrc=fin-srch
TS0U.SI,https://sg.finance.yahoo.com/quote/TS0U.SI?p=TS0U.SI&.tsrc=fin-srch
TVV.SI,https://sg.finance.yahoo.com/quote/TVV.SI?p=TVV.SI&.tsrc=fin-srch
U06.SI,https://sg.finance.yahoo.com/quote/U06.SI?p=U06.SI&.tsrc=fin-srch
U09.SI,https://sg.finance.yahoo.com/quote/U09.SI?p=U09.SI&.tsrc=fin-srch
U10.SI,https://sg.finance.yahoo.com/quote/U10.SI?p=U10.SI&.tsrc=fin-srch
U11.SI,https://sg.finance.yahoo.com/quote/U11.SI?p=U11.SI&.tsrc=fin-srch
U13.SI,https://sg.finance.yahoo.com/quote/U13.SI?p=U13.SI&.tsrc=fin-srch
U14.SI,https://sg.finance.yahoo.com/quote/U14.SI?p=U14.SI&.tsrc=fin-srch
U77.SI,https://sg.finance.yahoo.com/quote/U77.SI?p=U77.SI&.tsrc=fin-srch
U96.SI,https://sg.finance.yahoo.com/quote/U96.SI?p=U96.SI&.tsrc=fin-srch
U9E.SI,https://sg.finance.yahoo.com/quote/U9E.SI?p=U9E.SI&.tsrc=fin-srch
UD1U.SI,https://sg.finance.yahoo.com/quote/UD1U.SI?p=UD1U.SI&.tsrc=fin-srch
UD2.SI,https://sg.finance.yahoo.com/quote/UD2.SI?p=UD2.SI&.tsrc=fin-srch
URR,https://sg.finance.yahoo.com/quote/URR.SI?p=URR.SI&.tsrc=fin-srch
UV1.SI,
V03.SI,https://sg.finance.yahoo.com/quote/V03.SI/news?p=V03.SI&.tsrc=fin-srch
V2Y.SI,https://sg.finance.yahoo.com/quote/V2Y.SI/news?p=V2Y.SI&.tsrc=fin-srch
V3M.SI,https://sg.finance.yahoo.com/quote/V3M.SI/news?p=V3M.SI&.tsrc=fin-srch
VFP.SI,https://sg.finance.yahoo.com/quote/VFP.SI/news?p=VFP.SI&.tsrc=fin-srch
VI2.SI,https://sg.finance.yahoo.com/quote/VI2.SI/news?p=VI2.SI&.tsrc=fin-srch
VL6.SI,https://sg.finance.yahoo.com/quote/VL6.SI/news?p=VL6.SI&.tsrc=fin-srch
VTA.SI,https://sg.finance.yahoo.com/quote/VTA.SI/news?p=VTA.SI&.tsrc=fin-srch
VVL.SI,https://sg.finance.yahoo.com/quote/VVL.SI/news?p=VVL.SI&.tsrc=fin-srch
W05.SI,https://sg.finance.yahoo.com/quote/W05.SI/news?p=W05.SI&.tsrc=fin-srch
WJP.SI,https://sg.finance.yahoo.com/quote/WJP.SI/news?p=WJP.SI&.tsrc=fin-srch
WPC,https://sg.finance.yahoo.com/quote/WPC/news?p=WPC&.tsrc=fin-srch
XCF,https://sg.finance.yahoo.com/quote/XCF-USD?p=XCF-USD
XJB.SI,https://sg.finance.yahoo.com/quote/XJB.SI?p=XJB.SI&.tsrc=fin-srch
XVG.SI,https://sg.finance.yahoo.com/quote/XVG.SI?p=XVG.SI&.tsrc=fin-srch
XZL,https://sg.finance.yahoo.com/quote/XZL.SI?p=XZL.SI&.tsrc=fin-srch
Y03.SI,https://sg.finance.yahoo.com/quote/Y03.SI?p=Y03.SI&.tsrc=fin-srch
Y06.SI,
Y35.SI,https://sg.finance.yahoo.com/quote/Y35.SI/news?p=Y35.SI&.tsrc=fin-srch
Y3D.SI,https://sg.finance.yahoo.com/quote/Y3D.SI/news?p=Y3D.SI&.tsrc=fin-srch
Y45.SI,https://sg.finance.yahoo.com/quote/Y45.SI/news?p=Y45.SI&.tsrc=fin-srch
Y8E.SI,https://sg.finance.yahoo.com/quote/Y8E.SI/news?p=Y8E.SI&.tsrc=fin-srch
Y92.SI,https://sg.finance.yahoo.com/quote/Y92.SI/news?p=Y92.SI&.tsrc=fin-srch
YYB,https://sg.finance.yahoo.com/quote/YYB.SI/news?p=YYB.SI&.tsrc=fin-srch
YYN.SI,https://sg.finance.yahoo.com/quote/YYN.SI/news?p=YYN.SI&.tsrc=fin-srch
YYR.SI,https://sg.finance.yahoo.com/quote/YYR.SI?p=YYR.SI
YYY,https://sg.finance.yahoo.com/quote/YYY?p=YYY&.tsrc=fin-srch
Z25.SI,https://sg.finance.yahoo.com/quote/Z25.SI?p=Z25.SI&.tsrc=fin-srch
Z59.SI,https://sg.finance.yahoo.com/quote/Z59.SI?p=Z59.SI&.tsrc=fin-srch
Z74.SI,https://sg.finance.yahoo.com/quote/Z74.SI?p=Z74.SI&.tsrc=fin-srch
Z77.SI,https://sg.finance.yahoo.com/quote/Z77.SI?p=Z77.SI&.tsrc=fin-srch
ZHS.SI,https://sg.finance.yahoo.com/quote/ZHS.SI?p=ZHS.SI&.tsrc=fin-srch
ZHY.SI,https://sg.finance.yahoo.com/quote/ZHY.SI?p=ZHY.SI&.tsrc=fin-srch
ZXY.SI,https://sg.finance.yahoo.com/quote/ZXY.SI?p=ZXY.SI&.tsrc=fin-srch
