Symbol,Title,Date,Link,Source,Comments
None (General News),Singapore contributes US$15m to Coalition for Epidemic Preparedness Innovations,09/03/2022,https://www.businesstimes.com.sg/government-economy/singapore-contributes-us15m-to-coalition-for-epidemic-preparedness-innovations,The Business Times,Featured on SGInvestors
None (General News),Crypto exchanges staying in Russia will face global backlash: Ukraine minister,09/03/2022,https://www.channelnewsasia.com/business/crypto-exchanges-staying-russia-will-face-global-backlash-ukraine-minister-2549531,CNA,Featured on SGInvestors
None (General News),Primordial octopus was up in arms - 10 instead of eight,09/03/2022,https://www.channelnewsasia.com/world/primordial-octopus-was-arms-10-instead-eight-2549456,CNA,Featured on SGInvestors
None (General News),Oil surges as US and Britain cut off Russian crude ,08/03/2022,https://www.channelnewsasia.com/business/oil-surges-us-and-britain-cut-russian-crude-2549366,CNA,Featured on SGInvestors
None (General News),Oil gains on expectations of US and British ban on Russian crude ,08/03/2022,https://www.channelnewsasia.com/business/oil-gains-expectations-us-and-british-ban-russian-crude-2549366,CNA,Featured on SGInvestors
None (General News),Swiber enters MOU to sell its Jurong headquarters for S$30.8m,08/03/2022,https://www.businesstimes.com.sg/real-estate/swiber-enters-mou-to-sell-its-jurong-headquarters-for-s308m,The Business Times,Featured on SGInvestors
None (General News),Startup Pony.ai agrees to automated driving software recall,08/03/2022,https://www.channelnewsasia.com/business/startup-ponyai-agrees-automated-driving-software-recall-2549331,CNA,Featured on SGInvestors
None (General News),Startup Pony.ai agrees to automated driving system software recall,08/03/2022,https://www.channelnewsasia.com/business/startup-ponyai-agrees-automated-driving-system-software-recall-2549331,CNA,Featured on SGInvestors
None (General News),US and UK move to ban on import of Russian oil,08/03/2022,https://www.theedgesingapore.com/news/russia-ukraine-crisis/us-and-uk-move-ban-import-russian-oil,The Edge,Featured on SGInvestors
None (General News),"Volkswagen reaches 4G patent deal that could resolve Acer dispute, sources say",08/03/2022,https://www.channelnewsasia.com/business/volkswagen-reaches-4g-patent-deal-could-resolve-acer-dispute-sources-say-2549296,CNA,Featured on SGInvestors
None (General News),Aramco CEO says Ukraine invasion has accelerated global energy crisis,08/03/2022,https://www.channelnewsasia.com/business/aramco-ceo-says-ukraine-invasion-has-accelerated-global-energy-crisis-2549301,CNA,Featured on SGInvestors
None (General News),Turnaround in sight for SembMarine: analysts,08/03/2022,https://www.theedgesingapore.com/capital/brokers-calls/turnaround-sight-sembmarine-analysts,The Edge,Featured on SGInvestors
None (General News),Oil markets fret over supply shock as some buyers shun Russia,08/03/2022,https://www.channelnewsasia.com/business/oil-markets-fret-over-supply-shock-some-buyers-shun-russia-2549226,CNA,Featured on SGInvestors
None (General News),China's economic stability can support global growth amid Ukraine crisis- Citigroup,08/03/2022,https://www.channelnewsasia.com/business/chinas-economic-stability-can-support-global-growth-amid-ukraine-crisis-citigroup-2549196,CNA,Featured on SGInvestors
None (General News),India Oil to add 9 more oil tanks at Mundra port,08/03/2022,https://www.channelnewsasia.com/business/india-oil-add-9-more-oil-tanks-mundra-port-2549111,CNA,Featured on SGInvestors
None (General News),Indian oil companies to revise fuel prices - minister,08/03/2022,https://www.channelnewsasia.com/business/indian-oil-companies-revise-fuel-prices-minister-2549116,CNA,Featured on SGInvestors
None (General News),Rivian is sued by shareholder after rolling back electric vehicle price hikes,08/03/2022,https://www.channelnewsasia.com/business/rivian-sued-shareholder-after-rolling-back-electric-vehicle-price-hikes-2549106,CNA,Featured on SGInvestors
None (General News),Ukraine war to sully clothes sales from Levi to Ralph Lauren,08/03/2022,https://www.channelnewsasia.com/business/ukraine-war-sully-clothes-sales-levi-ralph-lauren-2549121,CNA,Featured on SGInvestors
None (General News),LME halts nickel trading after unprecedented 250% spike,08/03/2022,https://www.theedgesingapore.com/news/commodities/lme-halts-nickel-trading-after-unprecedented-250-spike,The Edge,Featured on SGInvestors
None (General News),"LanzaTech to go public in SPAC deal, valued at $2.2 billion",08/03/2022,https://www.channelnewsasia.com/business/lanzatech-go-public-spac-deal-valued-22-billion-2549041,CNA,Featured on SGInvestors
None (General News),Shanghai exchange will take further measures amid overseas nickel price volatility ,08/03/2022,https://www.channelnewsasia.com/business/shanghai-exchange-will-take-further-measures-amid-overseas-nickel-price-volatility-2548976,CNA,Featured on SGInvestors
None (General News),Japanese firms say tanker pilot shows coal to hydrogen plan feasible,08/03/2022,https://www.channelnewsasia.com/business/japanese-firms-say-tanker-pilot-shows-coal-hydrogen-plan-feasible-2548966,CNA,Featured on SGInvestors
None (General News),China's Tsingshan fires nickel rally as it cuts costly exposure-sources,08/03/2022,https://www.channelnewsasia.com/business/chinas-tsingshan-fires-nickel-rally-it-cuts-costly-exposure-sources-2548956,CNA,Featured on SGInvestors
None (General News),GM gears up to launch new premium import business in China,08/03/2022,https://www.channelnewsasia.com/business/gm-gears-launch-new-premium-import-business-china-2548951,CNA,Featured on SGInvestors
None (General News),"GM gears up to launch 'halo', a new premium import business in China",08/03/2022,https://www.channelnewsasia.com/business/gm-gears-launch-halo-new-premium-import-business-china-2548951,CNA,Featured on SGInvestors
None (General News),Air taxi startup Volocopter hires ex-Airbus defence chief as next CEO,08/03/2022,https://www.channelnewsasia.com/business/air-taxi-startup-volocopter-hires-ex-airbus-defence-chief-next-ceo-2548886,CNA,Featured on SGInvestors
None (General News),Volkswagen to stop taking orders for some hybrid models,08/03/2022,https://www.channelnewsasia.com/business/volkswagen-stop-taking-orders-some-hybrid-models-2548831,CNA,Featured on SGInvestors
None (General News),Volkswagen stops orders for some plug-in hybrids amid supply crunch,08/03/2022,https://www.channelnewsasia.com/business/volkswagen-stops-orders-some-plug-hybrids-amid-supply-crunch-2548831,CNA,Featured on SGInvestors
None (General News),EIP buyback assistance will 'level the playing field': analysts,08/03/2022,https://www.businesstimes.com.sg/real-estate/eip-buyback-assistance-will-level-the-playing-field-analysts,The Business Times,Featured on SGInvestors
None (General News),Thailand approves relaxed tax rules for digital assets,08/03/2022,https://www.channelnewsasia.com/business/thailand-approves-relaxed-tax-rules-digital-assets-2548761,CNA,Featured on SGInvestors
None (General News),"Malaysia's borders to reopen on April 1, no quarantine for fully vaccinated travellers",08/03/2022,https://www.businesstimes.com.sg/asean-business/malaysias-borders-to-reopen-on-april-1-no-quarantine-for-fully-vaccinated-travellers,The Business Times,Featured on SGInvestors
None (General News),India expects private coal mines to produce at least 350 million tonnes by 2030,08/03/2022,https://www.channelnewsasia.com/business/india-expects-private-coal-mines-produce-least-350-million-tonnes-2030-2548766,CNA,Featured on SGInvestors
None (General News),Pakistan central bank keeps benchmark interest rate unchanged at 9.75per cent,08/03/2022,https://www.channelnewsasia.com/business/pakistan-central-bank-keeps-benchmark-interest-rate-unchanged-975per-cent-2548771,CNA,Featured on SGInvestors
None (General News),China cenbank to pay over 1 trln yuan in profit to govt this year,08/03/2022,https://www.channelnewsasia.com/business/china-cenbank-pay-over-1-trln-yuan-profit-govt-year-2548741,CNA,Featured on SGInvestors
None (General News),"Bukit Batok EC plot garners 9 bids, Dairy Farm Walk private housing plot gets 7 bids",08/03/2022,https://www.businesstimes.com.sg/real-estate/bukit-batok-ec-plot-garners-9-bids-dairy-farm-walk-private-housing-plot-gets-7-bids,The Business Times,Featured on SGInvestors
None (General News),Google to buy cybersecurity firm Mandiant for $5.4 billion,08/03/2022,https://www.channelnewsasia.com/business/google-buy-cybersecurity-firm-mandiant-54-billion-2548661,CNA,Featured on SGInvestors
None (General News),"China's household leverage ratio hit 72.2per cent in 2021, central bank says",08/03/2022,https://www.channelnewsasia.com/business/chinas-household-leverage-ratio-hit-722per-cent-2021-central-bank-says-2548646,CNA,Featured on SGInvestors
None (General News),Shell to stop buying Russian oil and gas,08/03/2022,https://www.theedgesingapore.com/news/russia-ukraine-crisis/shell-stop-buying-russian-oil-and-gas,The Edge,Featured on SGInvestors
None (General News),Enviro-Hub appoints former MP Teo Ho Pin as independent director,08/03/2022,https://www.businesstimes.com.sg/companies-markets/enviro-hub-appoints-former-mp-teo-ho-pin-as-independent-director,The Business Times,Featured on SGInvestors
None (General News),"Shell says it will stop buying Russian oil, natural gas",08/03/2022,https://www.channelnewsasia.com/world/shell-stop-buying-russian-oil-natural-gas-2548531,CNA,Featured on SGInvestors
None (General News),Apple expected to upgrade its low-cost iPhone SE at product event,08/03/2022,https://www.channelnewsasia.com/business/apple-expected-upgrade-its-low-cost-iphone-se-product-event-2548526,CNA,Featured on SGInvestors
None (General News),"HK listing postponement for long term benefit of company and stakeholders, says Top Glove",08/03/2022,https://www.theedgemarkets.com/article/hk-listing-postponement-long-term-benefit-company-and-stakeholders-says-top-glove,The Edge,Featured on SGInvestors
None (General News),High Court dismisses Darco Water's claim against ex-CEO,08/03/2022,https://www.businesstimes.com.sg/companies-markets/high-court-dismisses-darco-waters-claim-against-ex-ceo,The Business Times,Featured on SGInvestors
None (General News),SAC Capital lowers PropNex's TP to $1.78 as it expects FY2022 to see a correction in its sales volume,08/03/2022,https://www.theedgesingapore.com/capital/brokers-calls/sac-capital-lowers-propnexs-tp-178-it-expects-fy2022-see-correction-its-sales,The Edge,Featured on SGInvestors
None (General News),US Cerberus to buy Hanjin's Philippines shipyard for $300 million - informed sources,08/03/2022,https://www.channelnewsasia.com/business/us-cerberus-buy-hanjins-philippines-shipyard-300-million-informed-sources-2548431,CNA,Featured on SGInvestors
None (General News),Cerberus to buy Philippine shipyard at ex US navy base for $300 million - sources,08/03/2022,https://www.channelnewsasia.com/business/cerberus-buy-philippine-shipyard-ex-us-navy-base-300-million-sources-2548431,CNA,Featured on SGInvestors
None (General News),COVID-19 can cause brain shrinkage: study,08/03/2022,https://www.channelnewsasia.com/business/covid-19-can-cause-brain-shrinkage-study-2548411,CNA,Featured on SGInvestors
None (General News),Singapore stocks extend losses on Tuesday; STI down another 1.2%,08/03/2022,https://www.businesstimes.com.sg/companies-markets/singapore-stocks-extend-losses-on-tuesday-sti-down-another-12,The Business Times,Featured on SGInvestors
None (General News),"Analysis-Ukraine crisis could disrupt India's spending plans, economic recovery",08/03/2022,https://www.channelnewsasia.com/business/analysis-ukraine-crisis-could-disrupt-indias-spending-plans-economic-recovery-2548386,CNA,Featured on SGInvestors
None (General News),China's central bank to pay profits to fund fiscal spending -finance ministry,08/03/2022,https://www.channelnewsasia.com/business/chinas-central-bank-pay-profits-fund-fiscal-spending-finance-ministry-2548391,CNA,Featured on SGInvestors
None (General News),"Taiwan February exports surge, Ukraine war may disrupt supply chains",08/03/2022,https://www.channelnewsasia.com/business/taiwan-february-exports-surge-ukraine-war-may-disrupt-supply-chains-2548371,CNA,Featured on SGInvestors
None (General News),The conflict is changing the face of commodities flows,08/03/2022,https://www.businesstimes.com.sg/opinion/the-conflict-is-changing-the-face-of-commodities-flows,The Business Times,Featured on SGInvestors
None (General News),India's IOC to import June oil via tenders after snap purchase of 9 million bbls - sources,08/03/2022,https://www.channelnewsasia.com/business/indias-ioc-import-june-oil-tenders-after-snap-purchase-9-million-bbls-sources-2548351,CNA,Featured on SGInvestors
None (General News),Singapore will be 'significantly impacted' with pricey oil imports amid war in Ukraine: Gan Kim Yong,08/03/2022,https://www.theedgesingapore.com/news/russia-ukraine-crisis/singapore-will-be-significantly-impacted-pricey-oil-imports-amid-war,The Edge,Featured on SGInvestors
None (General News),Thai GDP growth may miss forecast this year over Ukraine crisis - Finance Minister,08/03/2022,https://www.channelnewsasia.com/business/thai-gdp-growth-may-miss-forecast-year-over-ukraine-crisis-finance-minister-2548341,CNA,Featured on SGInvestors
None (General News),Analysts like CapitaLand Investment after strong FY2021 results,08/03/2022,https://www.theedgesingapore.com/capital/brokers-calls/analysts-capitaland-investment-after-strong-fy2021-results,The Edge,Featured on SGInvestors
None (General News),Ukraine may smooth Macron's path to power,08/03/2022,https://www.businesstimes.com.sg/opinion/ukraine-may-smooth-macrons-path-to-power,The Business Times,Featured on SGInvestors
None (General News),The EU has antitrust lessons for America,08/03/2022,https://www.businesstimes.com.sg/opinion/the-eu-has-antitrust-lessons-for-america,The Business Times,Featured on SGInvestors
None (General News),Sri Lanka cenbank gets deferral of $900m payment from Asian Clearing Union,08/03/2022,https://www.channelnewsasia.com/business/sri-lanka-cenbank-gets-deferral-900m-payment-asian-clearing-union-2548276,CNA,Featured on SGInvestors
None (General News),"Sri Lanka devalues rupee, seen as step towards getting IMF help ",08/03/2022,https://www.channelnewsasia.com/business/sri-lanka-devalues-rupee-seen-step-towards-getting-imf-help-2548241,CNA,Featured on SGInvestors
None (General News),Adidas announces new China chief as it looks to revive sales ,08/03/2022,https://www.channelnewsasia.com/business/adidas-announces-new-china-chief-it-looks-revive-sales-2548251,CNA,Featured on SGInvestors
None (General News),Why China can't bail out Putin's economy,08/03/2022,https://www.businesstimes.com.sg/opinion/why-china-cant-bail-out-putins-economy,The Business Times,Featured on SGInvestors
None (General News),S$63 million to enhance Green Mark Incentive Scheme for Existing Buildings,08/03/2022,https://www.businesstimes.com.sg/real-estate/s63-million-to-enhance-green-mark-incentive-scheme-for-existing-buildings,The Business Times,Featured on SGInvestors
None (General News),"Nickel soars to record of more than US$100,000 per tonne over Russian production concerns",08/03/2022,https://www.channelnewsasia.com/business/ukraine-invasion-nickel-soars-record-above-us100000-tonne-2548211,CNA,Featured on SGInvestors
None (General News),"HDB offers to buy back flats from owners constrained by Ethnic Integration Policy, on case-by-case basis",08/03/2022,https://www.businesstimes.com.sg/real-estate/hdb-offers-to-buy-back-flats-from-owners-constrained-by-ethnic-integration-policy-on,The Business Times,Featured on SGInvestors
None (General News),"Indonesia raises $431 million via Islamic bond auction, plans additional sale",08/03/2022,https://www.channelnewsasia.com/business/indonesia-raises-431-million-islamic-bond-auction-plans-additional-sale-2548206,CNA,Featured on SGInvestors
None (General News),Taiwan central bank says it spent $9.12 billion on forex intervention last year,08/03/2022,https://www.channelnewsasia.com/business/taiwan-central-bank-says-it-spent-912-billion-forex-intervention-last-year-2548201,CNA,Featured on SGInvestors
None (General News),Top Glove shelves HK listing as Ukraine war roils markets,08/03/2022,https://www.theedgemarkets.com/article/top-glove-shelves-us347m-hong-kong-listing-says-source,The Edge,Featured on SGInvestors
None (General News),"Tesla sold 56,515 China-made vehicles in February - CPCA",08/03/2022,https://www.channelnewsasia.com/business/tesla-sold-56515-china-made-vehicles-february-cpca-2548186,CNA,Featured on SGInvestors
None (General News),Rex International gets a 'buy' following 'record-breaking' profits for FY2021,08/03/2022,https://www.theedgesingapore.com/capital/brokers-calls/rex-international-gets-buy-following-record-breaking-profits-fy2021,The Edge,Featured on SGInvestors
None (General News),"Top Glove shelves Hong Kong listing, says ‘not in a hurry’ amid current market conditions",08/03/2022,https://www.businesstimes.com.sg/stocks/top-glove-shelves-hk-listing-as-ukraine-war-roils-markets,The Business Times,Featured on SGInvestors
None (General News),"Malaysia's Top Glove delays HK listing, cites market conditions due to Ukraine war",08/03/2022,https://www.channelnewsasia.com/business/malaysias-top-glove-delays-hk-listing-cites-market-conditions-due-ukraine-war-2548106,CNA,Featured on SGInvestors
None (General News),"Ukraine, property woes drive China high-yield spreads to November highs",08/03/2022,https://www.channelnewsasia.com/business/ukraine-property-woes-drive-china-high-yield-spreads-november-highs-2548081,CNA,Featured on SGInvestors
None (General News),Malaysian firm launches first online market for sustainable palm oil,08/03/2022,https://www.channelnewsasia.com/business/malaysian-firm-launches-first-online-market-sustainable-palm-oil-2548046,CNA,Featured on SGInvestors
None (General News),Explainer - Amazon's battle with Reliance for India retail supremacy ,08/03/2022,https://www.channelnewsasia.com/business/explainer-amazons-battle-reliance-india-retail-supremacy-2548021,CNA,Featured on SGInvestors
None (General News),'Buy' ESR-REIT as it inches closer to merger with ARA Logos Logistics Trust: analysts,08/03/2022,https://www.theedgesingapore.com/capital/brokers-calls/buy-esr-reit-it-inches-closer-merger-ara-logos-logistics-trust-analysts,The Edge,Featured on SGInvestors
None (General News),BHG Retail REIT expected to see stable growth moving forward,08/03/2022,https://www.theedgesingapore.com/capital/brokers-calls/bhg-retail-reit-expected-see-stable-growth-moving-forward,The Edge,Featured on SGInvestors
None (General News),Singtel's latest buy is keeping it at 'buy',08/03/2022,https://www.theedgesingapore.com/capital/brokers-calls/singtels-latest-buy-keeping-it-buy,The Edge,Featured on SGInvestors
None (General News),A*Star sets up new research institute focused on sustainability,08/03/2022,https://www.businesstimes.com.sg/government-economy/astar-sets-up-new-research-institute-focused-on-sustainability,The Business Times,Featured on SGInvestors
None (General News),Proxy advisers give cautious nod for ALog Trust unitholders to accept merger offer,08/03/2022,https://www.businesstimes.com.sg/companies-markets/proxy-advisers-give-cautious-nod-for-alog-trust-unitholders-to-accept-merger-offer,The Business Times,Featured on SGInvestors
None (General News),Rex International cranks up the production volume,08/03/2022,https://www.businesstimes.com.sg/companies-markets/rex-international-cranks-up-the-production-volume,The Business Times,Featured on SGInvestors
None (General News),"Credit Suisse's Pozsar says commodities crisis could weaken Eurodollar, boost yuan",08/03/2022,https://www.channelnewsasia.com/business/credit-suisses-pozsar-says-commodities-crisis-could-weaken-eurodollar-boost-yuan-2547836,CNA,Featured on SGInvestors
None (General News),"COVID-19 can cause brain shrinkage, memory loss - study",08/03/2022,https://www.channelnewsasia.com/business/covid-19-can-cause-brain-shrinkage-memory-loss-study-2547656,CNA,Featured on SGInvestors
None (General News),Nuclear reactor restarts could be 'best option' for Japan to ride out energy shortages: Senior lawmaker ,08/03/2022,https://www.channelnewsasia.com/asia/japan-oil-and-gas-nuclear-energy-sanctions-against-russia-2547416,CNA,Featured on SGInvestors
None (General News),V3 Group announces reorganisation as subsidiary files for IPO in Hong Kong,08/03/2022,https://www.theedgesingapore.com/news/company-news/v3-group-announces-reorganisation-subsidiary-files-ipo-hong-kong,The Edge,Featured on SGInvestors
None (General News),Cryptoverse: The young HODLers keeping bitcoin on an even keel,08/03/2022,https://www.channelnewsasia.com/business/cryptoverse-young-hodlers-keeping-bitcoin-even-keel-2547731,CNA,Featured on SGInvestors
None (General News),"At the top of Europe's banks, it's still a man's world",08/03/2022,https://www.channelnewsasia.com/business/top-europes-banks-its-still-mans-world-2547736,CNA,Featured on SGInvestors
None (General News),"Additional S$45m for green building innovation, S$64m for urban sustainability R&D",08/03/2022,https://www.businesstimes.com.sg/government-economy/additional-s45m-for-green-building-innovation-s64m-for-urban-sustainability-rd,The Business Times,Featured on SGInvestors
None (General News),Carmakers face soaring metal costs with Russian supplies at risk,08/03/2022,https://www.channelnewsasia.com/business/carmakers-face-soaring-metal-costs-russian-supplies-risk-2547696,CNA,Featured on SGInvestors
None (General News),Japan Feb service sector sentiment worsens slightly - govt ,08/03/2022,https://www.channelnewsasia.com/business/japan-feb-service-sector-sentiment-worsens-slightly-govt-2547686,CNA,Featured on SGInvestors
None (General News),Top Glove shelves US$347 million Hong Kong listing: Source,08/03/2022,https://www.channelnewsasia.com/business/top-glove-shelves-us347-million-hong-kong-listing-source-2547691,CNA,Featured on SGInvestors
None (General News),Citi plans 900 hires for commercial banking unit over three years,08/03/2022,https://www.channelnewsasia.com/business/citi-plans-900-hires-commercial-banking-unit-over-three-years-2547646,CNA,Featured on SGInvestors
None (General News),All HDB car parks to have 3 EV charging points by 2025; Cat A COE to include more EV models,08/03/2022,https://www.businesstimes.com.sg/government-economy/all-hdb-car-parks-to-have-3-ev-charging-points-by-2025-cat-a-coe-to-include-more,The Business Times,Featured on SGInvestors
None (General News),Activist fund Oasis to sponsor female director training in Japan,08/03/2022,https://www.channelnewsasia.com/business/activist-fund-oasis-sponsor-female-director-training-japan-2547586,CNA,Featured on SGInvestors
None (General News),Japan Jan coincident index down 0.5 point - govt,08/03/2022,https://www.channelnewsasia.com/business/japan-jan-coincident-index-down-05-point-govt-2547531,CNA,Featured on SGInvestors
None (General News),"Foreign workers for Malaysia's palm plantations to arrive in May, June",08/03/2022,https://www.channelnewsasia.com/business/foreign-workers-malaysias-palm-plantations-arrive-may-june-2547481,CNA,Featured on SGInvestors
None (General News),"Malaysia says foreign workers for palm plantations to arrive in May, June ",08/03/2022,https://www.channelnewsasia.com/business/malaysia-says-foreign-workers-palm-plantations-arrive-may-june-2547481,CNA,Featured on SGInvestors
None (General News),"S$220m to go towards research in water technologies, sustainable resources",08/03/2022,https://www.businesstimes.com.sg/government-economy/s220m-to-go-towards-research-in-water-technologies-sustainable-resources,The Business Times,Featured on SGInvestors
None (General News),US envoys held energy talks with Venezuela's President Maduro: White House,08/03/2022,https://www.channelnewsasia.com/world/us-envoys-held-energy-talks-venezuelas-president-maduro-white-house-2547466,CNA,Featured on SGInvestors
None (General News),Decisive net-zero shift will establish Singapore's economic chops: Teo Chee Hean,08/03/2022,https://www.businesstimes.com.sg/government-economy/decisive-net-zero-shift-will-establish-singapores-economic-chops-teo-chee-hean,The Business Times,Featured on SGInvestors
None (General News),Firms to receive higher support for energy-efficient technologies under NEA's Energy Efficiency Fund,08/03/2022,https://www.businesstimes.com.sg/government-economy/firms-to-receive-higher-support-for-energy-efficient-technologies-under-neas,The Business Times,Featured on SGInvestors
None (General News),Japan Finance Minister voices view against turning BOJ-held bonds into perpetual debt,08/03/2022,https://www.channelnewsasia.com/business/japan-finance-minister-voices-view-against-turning-boj-held-bonds-perpetual-debt-2547441,CNA,Featured on SGInvestors
None (General News),Citi Commercial Bank to add 350 new hires in Asia-Pacific over next 3 years,08/03/2022,https://www.businesstimes.com.sg/banking-finance/citi-commercial-bank-to-add-350-new-hires-in-asia-pacific-over-next-3-years,The Business Times,Featured on SGInvestors
None (General News),"US businesses in China gloomier due to bilateral tensions, COVID curbs - survey",08/03/2022,https://www.channelnewsasia.com/business/us-businesses-china-gloomier-due-bilateral-tensions-covid-curbs-survey-2547426,CNA,Featured on SGInvestors
None (General News),"US businesses in China gloomier due to bilateral tensions, COVID-19 curbs: Survey ",08/03/2022,https://www.channelnewsasia.com/business/us-businesses-china-gloomier-due-bilateral-tensions-covid-19-curbs-survey-2547426,CNA,Featured on SGInvestors
None (General News),Singapore's unemployment rates back to pre-pandemic levels in January,08/03/2022,https://www.businesstimes.com.sg/government-economy/singapores-unemployment-rates-back-to-pre-pandemic-levels-in-january,The Business Times,Featured on SGInvestors
None (General News),Cybersecurity startup Axonius valued at $2.6 billion after latest funding,08/03/2022,https://www.channelnewsasia.com/business/cybersecurity-startup-axonius-valued-26-billion-after-latest-funding-2547376,CNA,Featured on SGInvestors
None (General News),OPEC meets with US shale executives as oil prices skyrocket,08/03/2022,https://www.channelnewsasia.com/business/opec-meets-us-shale-executives-oil-prices-skyrocket-2547256,CNA,Featured on SGInvestors
None (General News),Japan logs biggest current account deficit since 2014 as oil import costs surge,08/03/2022,https://www.channelnewsasia.com/asia/japan-logs-biggest-current-account-deficit-2014-oil-import-costs-surge-2546706,CNA,Featured on SGInvestors
None (General News),Qantas expects airfares to rise if oil price remains high,08/03/2022,https://www.channelnewsasia.com/business/qantas-expects-airfares-rise-if-oil-price-remains-high-2547126,CNA,Featured on SGInvestors
None (General News),Indonesia forex reserves at $141.4 billion at end-Feb - central bank,08/03/2022,https://www.channelnewsasia.com/business/indonesia-forex-reserves-1414-billion-end-feb-central-bank-2547131,CNA,Featured on SGInvestors
None (General News),Ron Sim's V3 reorganises structure ahead of Hong Kong IPO for OSIM business,08/03/2022,https://www.businesstimes.com.sg/companies-markets/ron-sims-v3-reorganises-structure-ahead-of-hong-kong-ipo-for-osim-business,The Business Times,Featured on SGInvestors
None (General News),Explainer - How sanctions against Russia are battering the global aviation industry,08/03/2022,https://www.channelnewsasia.com/business/explainer-how-sanctions-against-russia-are-battering-global-aviation-industry-2547036,CNA,Featured on SGInvestors
None (General News),How sanctions against Russia are battering the global aviation industry,08/03/2022,https://www.channelnewsasia.com/business/ukraine-invasion-how-sanctions-against-russia-are-battering-global-aviation-industry-2547036,CNA,Featured on SGInvestors
None (General News),"Oil firms, Asia shares drop as Ukraine talks make little progress",08/03/2022,https://www.channelnewsasia.com/business/oil-firms-asia-shares-drop-ukraine-talks-make-little-progress-2547016,CNA,Featured on SGInvestors
None (General News),"Oil seesaws, Asia shares dip as Ukraine talks make little progress",08/03/2022,https://www.channelnewsasia.com/business/oil-seesaws-asia-shares-dip-ukraine-talks-make-little-progress-2547016,CNA,Featured on SGInvestors
None (General News),Cryptocurrencies unlikely to bypass sanctions on Russia for now: ING,08/03/2022,https://www.businesstimes.com.sg/banking-finance/cryptocurrencies-unlikely-to-bypass-sanctions-on-russia-for-now-ing,The Business Times,Featured on SGInvestors
None (General News),Japan's ANA says new lower-cost carrier to start flights from second half of FY2023,08/03/2022,https://www.channelnewsasia.com/business/japans-ana-says-new-lower-cost-carrier-start-flights-second-half-fy2023-2546931,CNA,Featured on SGInvestors
None (General News),Google in talks to buy cybersecurity firm Mandiant - The Information,08/03/2022,https://www.channelnewsasia.com/business/google-talks-buy-cybersecurity-firm-mandiant-information-2546901,CNA,Featured on SGInvestors
None (General News),Euro mired down while Ukraine war weighs on growth,08/03/2022,https://www.channelnewsasia.com/business/euro-mired-down-while-ukraine-war-weighs-growth-2546881,CNA,Featured on SGInvestors
None (General News),Euro mired while Ukraine war weighs on growth,08/03/2022,https://www.channelnewsasia.com/business/euro-mired-while-ukraine-war-weighs-growth-2546881,CNA,Featured on SGInvestors
None (General News),Singapore shares fall at Tuesday's open extending global losses; STI down 0.4%,08/03/2022,https://www.businesstimes.com.sg/stocks/singapore-shares-fall-at-tuesdays-open-extending-global-losses-sti-down-04,The Business Times,Featured on SGInvestors
None (General News),Analysts keep 'buy' on CDL as hospitality recovery expected to continue into 2022,08/03/2022,https://www.theedgesingapore.com/capital/brokers-calls/analysts-keep-buy-cdl-hospitality-recovery-expected-continue-2022,The Edge,Featured on SGInvestors
None (General News),Singapore new home sales sink 27% in February,08/03/2022,https://www.businesstimes.com.sg/real-estate/singapore-new-home-sales-sink-27-in-february,The Business Times,Featured on SGInvestors
None (General News),"SK Group, 8 Rivers form zero-emissions joint venture ",08/03/2022,https://www.channelnewsasia.com/business/sk-group-8-rivers-form-zero-emissions-joint-venture-2546791,CNA,Featured on SGInvestors
None (General News),Environmental groups press California on electric car rules,08/03/2022,https://www.channelnewsasia.com/business/environmental-groups-press-california-electric-car-rules-2546746,CNA,Featured on SGInvestors
None (General News),US agency will review FAA efforts on 'flying taxi' rules,08/03/2022,https://www.channelnewsasia.com/business/us-agency-will-review-faa-efforts-flying-taxi-rules-2546731,CNA,Featured on SGInvestors
None (General News),"Stocks to watch: Keppel Reit, Singtel, SPH, Q&M Dental",08/03/2022,https://www.businesstimes.com.sg/stocks/stocks-to-watch-keppel-reit-singtel-sph-qm-dental,The Business Times,Featured on SGInvestors
None (General News),Livingstone Health signs MOU to expand into healthcare opportunities in Vietnam,08/03/2022,https://www.theedgesingapore.com/news/deals-joint-ventures-alliances/livingstone-health-signs-mou-expand-healthcare-opportunities,The Edge,Featured on SGInvestors
None (General News),RBC Investor Services Trust Singapore intends to retire as Keppel Reit trustee,08/03/2022,https://www.businesstimes.com.sg/companies-markets/rbc-investor-services-trust-singapore-intends-to-retire-as-keppel-reit-trustee,The Business Times,Featured on SGInvestors
None (General News),Japanese prosecutors investigating SMBC Nikko after management arrests - Asahi,08/03/2022,https://www.channelnewsasia.com/business/japanese-prosecutors-investigating-smbc-nikko-after-management-arrests-asahi-2546721,CNA,Featured on SGInvestors
None (General News),Livingstone Health to develop hospital in Vietnam through partnership,08/03/2022,https://www.businesstimes.com.sg/companies-markets/livingstone-health-to-develop-hospital-in-vietnam-through-partnership,The Business Times,Featured on SGInvestors
None (General News),Japan bank lending growth slows to decade-low as pandemic-induced strain eases,08/03/2022,https://www.channelnewsasia.com/business/japan-bank-lending-growth-slows-decade-low-pandemic-induced-strain-eases-2546711,CNA,Featured on SGInvestors
None (General News),Japan Feb bank loans rise 0.4per cent vs year ago,08/03/2022,https://www.channelnewsasia.com/business/japan-feb-bank-loans-rise-04per-cent-vs-year-ago-2546711,CNA,Featured on SGInvestors
None (General News),"Biden to order studies on regulating, issuing cryptocurrency -source",08/03/2022,https://www.channelnewsasia.com/business/biden-order-studies-regulating-issuing-cryptocurrency-source-2546671,CNA,Featured on SGInvestors
None (General News),Biden to sign executive order on cryptocurrencies this week - source,08/03/2022,https://www.channelnewsasia.com/business/biden-sign-executive-order-cryptocurrencies-week-source-2546671,CNA,Featured on SGInvestors
None (General News),"Traveloka fuels up 'buy now, pay later' engine for super app take-off",08/03/2022,https://www.businesstimes.com.sg/garage/traveloka-fuels-up-buy-now-pay-later-engine-for-super-app-take-off,The Business Times,Featured on SGInvestors
None (General News),Breaking the boardroom bias: a case for women in leadership,08/03/2022,https://www.businesstimes.com.sg/leadership-management/breaking-the-boardroom-bias-a-case-for-women-in-leadership,The Business Times,Featured on SGInvestors
None (General News),"War stokes rally in SGX's oil, commodity stocks",08/03/2022,https://www.businesstimes.com.sg/companies-markets/war-stokes-rally-in-sgxs-oil-commodity-stocks,The Business Times,Featured on SGInvestors
None (General News),"EY appoints new country managing partner for Singapore, Brunei",08/03/2022,https://www.businesstimes.com.sg/companies-markets/ey-appoints-new-country-managing-partner-for-singapore-brunei-0,The Business Times,Featured on SGInvestors
None (General News),Omicron threat draws mixed reactions from analysts covering Dairy Farm,08/03/2022,https://www.businesstimes.com.sg/companies-markets/omicron-threat-draws-mixed-reactions-from-analysts-covering-dairy-farm,The Business Times,Featured on SGInvestors
None (General News),Singapore O&G gets S$0.295-a-share takeover offer from vehicle linked to Dymon Asia,08/03/2022,https://www.businesstimes.com.sg/companies-markets/singapore-og-gets-s0295-a-share-takeover-offer-from-vehicle-linked-to-dymon-asia-0,The Business Times,Featured on SGInvestors
None (General News),Singtel's NCS acquires Aussie IT company The Dialog Group for A$325m,08/03/2022,https://www.businesstimes.com.sg/companies-markets/singtels-ncs-acquires-aussie-it-company-the-dialog-group-for-a325m-0,The Business Times,Featured on SGInvestors
None (General News),SGX suspends trading of PJSC Gazprom GDR on Russia sanctions,08/03/2022,https://www.businesstimes.com.sg/companies-markets/sgx-suspends-trading-of-pjsc-gazprom-gdr-on-russia-sanctions,The Business Times,Featured on SGInvestors
None (General News),Oil plays extend active trading as prices surge on supply fears,08/03/2022,https://www.businesstimes.com.sg/companies-markets/oil-plays-extend-active-trading-as-prices-surge-on-supply-fears,The Business Times,Featured on SGInvestors
None (General News),"Asian markets dive as oil prices spike, Ukraine crisis rattles investors",08/03/2022,https://www.businesstimes.com.sg/companies-markets/asian-markets-dive-as-oil-prices-spike-ukraine-crisis-rattles-investors-0,The Business Times,Featured on SGInvestors
None (General News),Singapore stocks slide on Monday as oil prices surge; STI down 1.2%,08/03/2022,https://www.businesstimes.com.sg/companies-markets/singapore-stocks-slide-on-monday-as-oil-prices-surge-sti-down-12-0,The Business Times,Featured on SGInvestors
None (General News),Strata units in GB Building for sale; Oxley Tower F&B units re-launched at lower guide price,08/03/2022,https://www.businesstimes.com.sg/real-estate/strata-units-in-gb-building-for-sale-oxley-tower-fb-units-re-launched-at-lower-guide-0,The Business Times,Featured on SGInvestors
None (General News),Seeing value in pursuing further studies in real estate,08/03/2022,https://www.businesstimes.com.sg/real-estate/seeing-value-in-pursuing-further-studies-in-real-estate,The Business Times,Featured on SGInvestors
None (General News),DBS sets up board sustainability committee,08/03/2022,https://www.businesstimes.com.sg/banking-finance/dbs-sets-up-board-sustainability-committee-0,The Business Times,Featured on SGInvestors
None (General News),Why was Singapore's anti-spoofing registry shut and replaced?,08/03/2022,https://www.businesstimes.com.sg/government-economy/why-was-singapores-anti-spoofing-registry-shut-and-replaced,The Business Times,Featured on SGInvestors
None (General News),"Higher tech co-funding for some farms, new disposable bag charge",08/03/2022,https://www.businesstimes.com.sg/government-economy/higher-tech-co-funding-for-some-farms-new-disposable-bag-charge,The Business Times,Featured on SGInvestors
None (General News),New tripartite standard to improve well-being of lower-wage workers,08/03/2022,https://www.businesstimes.com.sg/government-economy/new-tripartite-standard-to-improve-well-being-of-lower-wage-workers,The Business Times,Featured on SGInvestors
None (General News),Strong enforcement measures will guard against new EP system fraud,08/03/2022,https://www.businesstimes.com.sg/government-economy/strong-enforcement-measures-will-guard-against-new-ep-system-fraud-0,The Business Times,Featured on SGInvestors
None (General News),Douglas Foo steps down from SMF presidency,08/03/2022,https://www.businesstimes.com.sg/government-economy/douglas-foo-steps-down-from-smf-presidency-0,The Business Times,Featured on SGInvestors
None (General News),"Malaysia to reopen all international borders, including Causeway, Second Link checkpoints",08/03/2022,https://www.businesstimes.com.sg/government-economy/malaysia-to-reopen-all-international-borders-including-causeway-second-link,The Business Times,Featured on SGInvestors
None (General News),"Price of 95-octane petrol surges past S$3 per litre at Shell, Esso",08/03/2022,https://www.businesstimes.com.sg/energy-commodities/price-of-95-octane-petrol-surges-past-s3-per-litre-at-shell-esso,The Business Times,Featured on SGInvestors
None (General News),Brent seen at US$100 in 2022 as tight market fuels volatility,08/03/2022,https://www.businesstimes.com.sg/energy-commodities/brent-seen-at-us100-in-2022-as-tight-market-fuels-volatility,The Business Times,Featured on SGInvestors
None (General News),Grab at risk of US class action lawsuits after shares fall,08/03/2022,https://www.businesstimes.com.sg/garage/grab-at-risk-of-us-class-action-lawsuits-after-shares-fall,The Business Times,Featured on SGInvestors
None (General News),Will Ukraine's tragedy spur UN Security Council reform?,08/03/2022,https://www.businesstimes.com.sg/opinion/will-ukraines-tragedy-spur-un-security-council-reform-0,The Business Times,Featured on SGInvestors
None (General News),Russia's war on Ukraine: Drawing first lessons and considering the outlook,08/03/2022,https://www.businesstimes.com.sg/opinion/russias-war-on-ukraine-drawing-first-lessons-and-considering-the-outlook,The Business Times,Featured on SGInvestors
None (General News),Investors can no longer afford to ignore geopolitical risk,08/03/2022,https://www.businesstimes.com.sg/opinion/investors-can-no-longer-afford-to-ignore-geopolitical-risk-0,The Business Times,Featured on SGInvestors
None (General News),President Biden shifts to the political centre,08/03/2022,https://www.businesstimes.com.sg/opinion/president-biden-shifts-to-the-political-centre,The Business Times,Featured on SGInvestors
None (General News),"Cybersecurity startup Snyk taps Morgan Stanley, Goldman for IPO - sources",08/03/2022,https://www.channelnewsasia.com/business/cybersecurity-startup-snyk-taps-morgan-stanley-goldman-ipo-sources-2546606,CNA,Featured on SGInvestors
None (General News),"Cybersecurity startup Snyk taps Morgan Stanley, Goldman for IPO: Report",08/03/2022,https://www.channelnewsasia.com/business/cybersecurity-startup-snyk-taps-morgan-stanley-goldman-ipo-report-2546606,CNA,Featured on SGInvestors
None (General News),"Group 1 Automotive to buy Toyota Dealership in Austin, Texas",08/03/2022,https://www.channelnewsasia.com/business/group-1-automotive-buy-toyota-dealership-austin-texas-2546591,CNA,Featured on SGInvestors
None (General News),Omicron infections contagious for at least 6 days; Takeda drug shows promise as COVID treatment,08/03/2022,https://www.channelnewsasia.com/business/omicron-infections-contagious-least-6-days-takeda-drug-shows-promise-covid-treatment-2546556,CNA,Featured on SGInvestors
None (General News),Omicron infections contagious for at least 6 days; Takeda drug shows promise as COVID-19 treatment,08/03/2022,https://www.channelnewsasia.com/world/omicron-infections-contagious-least-6-days-takeda-drug-shows-promise-covid-19-treatment-2546556,CNA,Featured on SGInvestors
None (General News),"Britain sets out 'dirty money' crackdown, wants to hobble Russia's Putin",08/03/2022,https://www.channelnewsasia.com/world/britain-sets-out-dirty-money-crackdown-wants-hobble-russias-putin-2546386,CNA,Featured on SGInvestors
None (General News),Tightening financial conditions sound alarm for world economy ,08/03/2022,https://www.channelnewsasia.com/business/tightening-financial-conditions-sound-alarm-world-economy-2546446,CNA,Featured on SGInvestors
None (General News),Energy conference kicks off as Ukraine conflict puts oil market in turmoil,08/03/2022,https://www.channelnewsasia.com/business/energy-conference-kicks-ukraine-conflict-puts-oil-market-turmoil-2546261,CNA,Featured on SGInvestors
None (General News),Scientists identify new gene differences in severe COVID patients,08/03/2022,https://www.channelnewsasia.com/business/scientists-identify-new-gene-differences-severe-covid-patients-2546196,CNA,Featured on SGInvestors
None (General News),Scientists identify new gene differences in severe COVID-19 patients,08/03/2022,https://www.channelnewsasia.com/world/scientists-identify-new-gene-differences-severe-covid-19-patients-2546196,CNA,Featured on SGInvestors
None (General News),GM to build new battery materials plant in Canada ,08/03/2022,https://www.channelnewsasia.com/business/gm-ramps-ev-push-plans-make-battery-materials-canada-2546201,CNA,Featured on SGInvestors
None (General News),"Upwork withdraws forecast as it suspends Russia, Belarus operations",08/03/2022,https://www.channelnewsasia.com/business/upwork-withdraws-forecast-it-suspends-russia-belarus-operations-2546186,CNA,Featured on SGInvestors
None (General News),UK watchdog says it lacks power to assess tie-up between Binance unit and Eqonex,08/03/2022,https://www.channelnewsasia.com/business/uk-watchdog-says-it-lacks-power-assess-tie-between-binance-unit-and-eqonex-2546096,CNA,Featured on SGInvestors
None (General News),UK watchdog says it lacked power to vet tie-up involving crypto exchange Binance,08/03/2022,https://www.channelnewsasia.com/business/uk-watchdog-says-it-lacked-power-vet-tie-involving-crypto-exchange-binance-2546096,CNA,Featured on SGInvestors
None (General News),US Supreme Court spurns Google bid to avoid shareholder lawsuit,08/03/2022,https://www.channelnewsasia.com/business/us-supreme-court-spurns-google-bid-avoid-shareholder-lawsuit-2546006,CNA,Featured on SGInvestors
None (General News),Explainer-Russia could work around SWIFT ban but with high costs,08/03/2022,https://www.channelnewsasia.com/business/explainer-russia-could-work-around-swift-ban-high-costs-2545976,CNA,Featured on SGInvestors
None (General News),Russia could work around SWIFT ban but with high costs,08/03/2022,https://www.channelnewsasia.com/business/russia-could-work-around-swift-ban-high-costs-2545976,CNA,Featured on SGInvestors
None (General News),Nordic Group's offer for Starburst closes with 94.3% valid acceptances,08/03/2022,https://www.businesstimes.com.sg/companies-markets/nordic-groups-offer-for-starburst-closes-with-943-valid-acceptances,The Business Times,Featured on SGInvestors
None (General News),Gaming group Ubisoft suspends sales in Russia,08/03/2022,https://www.channelnewsasia.com/business/gaming-group-ubisoft-suspends-sales-russia-2545951,CNA,Featured on SGInvestors
None (General News),Britishvolt to develop high-performance batteries with Aston Martin,08/03/2022,https://www.channelnewsasia.com/business/britishvolt-develop-high-performance-batteries-aston-martin-2545931,CNA,Featured on SGInvestors
None (General News),Intel's Mobileye confidentially files for US IPO,08/03/2022,https://www.channelnewsasia.com/business/intels-mobileye-confidentially-files-us-ipo-2545866,CNA,Featured on SGInvestors
None (General News),Nissan to halt work at its St Petersburg factory in coming days - RIA,08/03/2022,https://www.channelnewsasia.com/business/nissan-halt-work-its-st-petersburg-factory-coming-days-ria-2545851,CNA,Featured on SGInvestors
None (General News),Q&M Dental CEO to take 29% stake in No Signboard Holdings,08/03/2022,https://www.businesstimes.com.sg/companies-markets/qm-dental-ceo-to-take-29-stake-in-no-signboard-holdings,The Business Times,Featured on SGInvestors
None (General News),Asia-Pacific travel faces bumpy recovery - Booking.com exec,08/03/2022,https://www.channelnewsasia.com/business/asia-pacific-travel-faces-bumpy-recovery-bookingcom-exec-2545811,CNA,Featured on SGInvestors
None (General News),Asia-Pacific travel faces bumpy recovery: Booking.com executive,08/03/2022,https://www.channelnewsasia.com/business/asia-pacific-travel-faces-bumpy-recovery-bookingcom-executive-2545811,CNA,Featured on SGInvestors
None (General News),No Signboard Holdings’ controlling shareholder proposes 29% share transfer to Q&M Dental founder,08/03/2022,https://www.theedgesingapore.com/news/company-news/no-signboard-holdings-controlling-shareholder-proposes-29-share-transfer-qm,The Edge,Featured on SGInvestors
None (General News),Exclusive-NFT startup Immutable valued at $2.5 billion in Temasek-led financing,08/03/2022,https://www.channelnewsasia.com/business/exclusive-nft-startup-immutable-valued-25-billion-temasek-led-financing-2545731,CNA,Featured on SGInvestors
None (General News),NFT startup Immutable valued at US$2.5 billion in Temasek-led financing,08/03/2022,https://www.channelnewsasia.com/business/nft-startup-immutable-valued-us25-billion-temasek-led-financing-2545731,CNA,Featured on SGInvestors
None (General News),Weather security platform Tomorrow.io ends $1.2 billion SPAC deal,08/03/2022,https://www.channelnewsasia.com/business/weather-security-platform-tomorrowio-ends-12-billion-spac-deal-2545706,CNA,Featured on SGInvestors
None (General News),"Malaysia ready to reopen all international borders, including Causeway, Second Link land checkpoints",08/03/2022,https://www.businesstimes.com.sg/asean-business/malaysia-ready-to-reopen-all-international-borders-including-causeway-second-link,The Business Times,Featured on SGInvestors
None (General News),SPH 'unable to comment' on any special dividend from sgCarMart divestment,08/03/2022,https://www.businesstimes.com.sg/companies-markets/sph-unable-to-comment-on-any-special-dividend-from-sgcarmart-divestment,The Business Times,Featured on SGInvestors
None (General News),"Uber raises first-quarter profit outlook on strong ridership, delivery growth",08/03/2022,https://www.channelnewsasia.com/business/uber-raises-first-quarter-profit-outlook-strong-ridership-delivery-growth-2545546,CNA,Featured on SGInvestors
None (General News),BT Explains: Why was Singapore's anti-spoofing registry shut and replaced?,08/03/2022,https://www.businesstimes.com.sg/government-economy/bt-explains-why-was-singapores-anti-spoofing-registry-shut-and-replaced,The Business Times,Featured on SGInvestors
None (General News),"Analysis-Ukraine invasion sets back Musk's dream for cheaper EVs, for now",08/03/2022,https://www.channelnewsasia.com/business/analysis-ukraine-invasion-sets-back-musks-dream-cheaper-evs-now-2545361,CNA,Featured on SGInvestors
None (General News),"Ukraine invasion sets back Musk's dream for cheaper EVs, for now",08/03/2022,https://www.channelnewsasia.com/business/ukraine-invasion-sets-back-musks-dream-cheaper-evs-now-2545361,CNA,Featured on SGInvestors
None (General News),Apple expected to launch new low-cost 5G iPhone,08/03/2022,https://www.channelnewsasia.com/business/apple-expected-launch-new-low-cost-5g-iphone-2545311,CNA,Featured on SGInvestors
None (General News),"Higher technology co-funding for some types of farms, new lease system for sea farms",08/03/2022,https://www.businesstimes.com.sg/government-economy/higher-technology-co-funding-for-some-types-of-farms-new-lease-system-for-sea,The Business Times,Featured on SGInvestors
None (General News),Geo Energy expects to achieve revenue of US$400 mil in 1H22 on the back of rising coal prices,08/03/2022,https://www.theedgesingapore.com/news/company-news/geo-energy-expects-achieve-revenue-us400-mil-1h22-back-rising-coal-prices,The Edge,Featured on SGInvestors
None (General News),India's NSE says key indexes operating normally after glitch,08/03/2022,https://www.channelnewsasia.com/business/indias-nse-says-key-indexes-operating-normally-after-glitch-2545216,CNA,Featured on SGInvestors
None (General News),"Vietnam seafood exporters suspend Russia catfish shipments over payment, logistics issues ",08/03/2022,https://www.channelnewsasia.com/business/vietnam-seafood-exporters-suspend-russia-catfish-shipments-over-payment-logistics-issues-2545166,CNA,Featured on SGInvestors
None (General News),"BOJ may offer bleaker view on economy, Ukraine war adds to risks -sources",08/03/2022,https://www.channelnewsasia.com/business/boj-may-offer-bleaker-view-economy-ukraine-war-adds-risks-sources-2545136,CNA,Featured on SGInvestors
None (General News),BOJ may offer bleaker view on economy next week on COVID-19 hit - sources,08/03/2022,https://www.channelnewsasia.com/business/boj-may-offer-bleaker-view-economy-next-week-covid-19-hit-sources-2545136,CNA,Featured on SGInvestors
None (General News),Large supermarkets must charge at least S$0.05 for disposable carrier bags,08/03/2022,https://www.businesstimes.com.sg/government-economy/large-supermarkets-must-charge-at-least-s005-for-disposable-carrier-bags,The Business Times,Featured on SGInvestors
None (General News),Aedge Group appoints Tembusu blockchain fund partner as adviser,08/03/2022,https://www.businesstimes.com.sg/companies-markets/aedge-group-appoints-tembusu-blockchain-fund-partner-as-adviser,The Business Times,Featured on SGInvestors
None (General News),Fresh Off The Block: Binance founder claims crypto will not help Russia evade sanctions and more,08/03/2022,https://www.theedgesingapore.com/news/cryptocurrency/fresh-block-binance-founder-claims-crypto-will-not-help-russia-evade-sanctions,The Edge,Featured on SGInvestors
None (General News),"Biden shifts to the political centre, as Putin's aggression gives him a lift",08/03/2022,https://www.businesstimes.com.sg/opinion/biden-shifts-to-the-political-centre-as-putins-aggression-gives-him-a-lift,The Business Times,Featured on SGInvestors
None (General News),Mighty Jaxx secures US$20 mil in Series A+ funding,08/03/2022,https://www.theedgesingapore.com/news/startups-entrepreneurs-digital-economy/mighty-jaxx-secures-us20-mil-series-funding,The Edge,Featured on SGInvestors
None (General News),"Russia-linked Indian refiner put under credit watch, CARE Ratings says ",08/03/2022,https://www.channelnewsasia.com/business/russia-linked-indian-refiner-put-under-credit-watch-care-ratings-says-2545011,CNA,Featured on SGInvestors
None (General News),CGS-CIMB and DBS remain positive over Hongkong Land,08/03/2022,https://www.theedgesingapore.com/capital/brokers-calls/cgs-cimb-and-dbs-remain-positive-over-hongkong-land,The Edge,Featured on SGInvestors
None (General News),China's FX regulator surveyed banks about business with Russia - sources,08/03/2022,https://www.channelnewsasia.com/business/chinas-fx-regulator-asks-banks-about-russia-business-sources-say-2544991,CNA,Featured on SGInvestors
None (General News),Sea and Grab: Southeast Asia shows the high cost of fast growth,08/03/2022,https://www.theedgesingapore.com/views/digital-economy/sea-and-grab-southeast-asia-shows-high-cost-fast-growth,The Edge,Featured on SGInvestors
None (General News),First Singaporean appointed as FATF president from July,08/03/2022,https://www.businesstimes.com.sg/banking-finance/first-singaporean-appointed-as-fatf-president-from-july,The Business Times,Featured on SGInvestors
None (General News),Vietnam Feb exports down 24.1per cent m/m at $23.42 billion - customs,08/03/2022,https://www.channelnewsasia.com/business/vietnam-feb-exports-down-241per-cent-mm-2342-billion-customs-2544951,CNA,Featured on SGInvestors
None (General News),Fidelity in talks to hire Warburg China joint venture boss - sources ,08/03/2022,https://www.channelnewsasia.com/business/fidelity-talks-hire-warburg-china-joint-venture-boss-sources-2544826,CNA,Featured on SGInvestors
None (General News),Grab faces possible class action suits from US shareholder rights law firms,08/03/2022,https://www.businesstimes.com.sg/garage/grab-faces-possible-class-action-suits-from-us-shareholder-rights-law-firms,The Business Times,Featured on SGInvestors
None (General News),UNIQLO defends decision to stay open in Russia,08/03/2022,https://www.channelnewsasia.com/business/uniqlo-russia-stores-open-ukraine-invasion-clothes-2544661,CNA,Featured on SGInvestors
None (General News),China's Feb forex reserves fall to $3.214 trln,08/03/2022,https://www.channelnewsasia.com/business/chinas-feb-forex-reserves-fall-3214-trln-2544746,CNA,Featured on SGInvestors
None (General News),CAAS launches first safety charter for Singapore aviation sector,08/03/2022,https://www.channelnewsasia.com/singapore/caas-launches-first-safety-charter-singapore-aviation-sector-2544706,CNA,Featured on SGInvestors
None (General News),MOM will have strong enforcement measures against 'gaming' of Employment Pass system: Tan See Leng,08/03/2022,https://www.channelnewsasia.com/singapore/employment-pass-points-system-workers-jobs-compass-tan-see-leng-budget-2022-mom-2544381,CNA,Featured on SGInvestors
None (General News),Uptick in palm oil output this year insufficient to meet demand -analyst ,08/03/2022,https://www.channelnewsasia.com/business/uptick-palm-oil-output-year-insufficient-meet-demand-analyst-2544701,CNA,Featured on SGInvestors
None (General News),Uptick in palm oil output this year insufficient to meet demand - analyst Fry,08/03/2022,https://www.channelnewsasia.com/business/uptick-palm-oil-output-year-insufficient-meet-demand-analyst-fry-2544701,CNA,Featured on SGInvestors
None (General News),Iveco and Hyundai Motor sign MoU to explore future collaborations ,08/03/2022,https://www.channelnewsasia.com/business/iveco-hyundai-motor-explore-collaboration-vehicle-tech-supply-2544676,CNA,Featured on SGInvestors
None (General News),DBS Committee to provide greater governance and oversight of bank’s sustainability agenda,08/03/2022,https://www.theedgesingapore.com/news/environmental-social-and-governance/dbs-committee-provide-greater-governance-and-oversight-bank,The Edge,Featured on SGInvestors
None (General News),Thai stock investor mood up on foreign inflows - market association,08/03/2022,https://www.channelnewsasia.com/business/thai-stock-investor-mood-foreign-inflows-market-association-2544586,CNA,Featured on SGInvestors
None (General News),China property shares firm after friendly policy tone,07/03/2022,https://www.channelnewsasia.com/business/china-property-shares-firm-after-friendly-policy-tone-2544506,CNA,Featured on SGInvestors
None (General News),Japan's SBI Sumishin Net Bank to postpone US$1.2 billion IPO ,07/03/2022,https://www.channelnewsasia.com/business/japans-sbi-sumishin-net-bank-postpone-us12-billion-ipo-2544566,CNA,Featured on SGInvestors
None (General News),Microsoft unveils fourth data centre in India,07/03/2022,https://www.channelnewsasia.com/business/microsoft-unveils-fourth-data-centre-india-2544561,CNA,Featured on SGInvestors
None (General News),Ukraine upends stimulus exit: Five questions for the ECB,07/03/2022,https://www.channelnewsasia.com/business/ukraine-upends-stimulus-exit-five-questions-ecb-2544531,CNA,Featured on SGInvestors
None (General News),Singtel's NCS acquires The Dialog Group in Australia for $325 mil,07/03/2022,https://www.theedgesingapore.com/capital/ma/singtels-ncs-acquires-dialog-group-australia-325-mil,The Edge,Featured on SGInvestors
None (General News),Swiss National Bank posts $28.6 billion profit for 2021,07/03/2022,https://www.channelnewsasia.com/business/swiss-national-bank-posts-286-billion-profit-2021-2544516,CNA,Featured on SGInvestors
None (General News),Price of 95-octane petrol surges past S$3 per litre at Shell,07/03/2022,https://www.businesstimes.com.sg/energy-commodities/price-of-95-octane-petrol-surges-past-s3-per-litre-at-shell,The Business Times,Featured on SGInvestors
None (General News),UBS' executives see 2021 bonuses cut over Archegos losses,07/03/2022,https://www.channelnewsasia.com/business/ubs-executives-see-2021-bonuses-cut-over-archegos-losses-2544451,CNA,Featured on SGInvestors
None (General News),Swiss UBS' executives take home less pay in 2021,07/03/2022,https://www.channelnewsasia.com/business/swiss-ubs-executives-take-home-less-pay-2021-2544451,CNA,Featured on SGInvestors
None (General News),Energy conference kicks off as Ukraine conflict leaves oil market in turmoil,07/03/2022,https://www.channelnewsasia.com/business/energy-conference-kicks-ukraine-conflict-leaves-oil-market-turmoil-2544436,CNA,Featured on SGInvestors
None (General News),Indonesia coal miners may struggle to meet 2022 output target: Association,07/03/2022,https://www.channelnewsasia.com/business/indonesia-coal-miners-may-struggle-meet-2022-output-target-association-2544211,CNA,Featured on SGInvestors
None (General News),Southeast Asian equities shine as commodities rally on Ukraine crisis,07/03/2022,https://www.channelnewsasia.com/business/southeast-asian-equities-shine-commodities-rally-ukraine-crisis-2544191,CNA,Featured on SGInvestors
None (General News),Portfolio of 3 strata units in GB Building for sale with S$69m guide price,07/03/2022,https://www.businesstimes.com.sg/real-estate/portfolio-of-3-strata-units-in-gb-building-for-sale-with-s69m-guide-price,The Business Times,Featured on SGInvestors
None (General News),AutoFi raises $85 million to expand online auto finance business,07/03/2022,https://www.channelnewsasia.com/business/autofi-raises-85-million-expand-online-auto-finance-business-2544171,CNA,Featured on SGInvestors
None (General News),Saudi Arabia raises April crude prices to Asia to all-time highs,07/03/2022,https://www.channelnewsasia.com/business/saudi-arabia-raises-april-crude-prices-asia-all-time-highs-2544126,CNA,Featured on SGInvestors
None (General News),Tight oil market likely to fuel volatility; Brent expected to average US$100 in 2022: Maybank,07/03/2022,https://www.businesstimes.com.sg/asean-business/tight-oil-market-likely-to-fuel-volatility-brent-expected-to-average-us100-in-2022,The Business Times,Featured on SGInvestors
None (General News),Tight oil market likely to fuel volatility; Brent expected to hit US$100 in 2022: Maybank,07/03/2022,https://www.businesstimes.com.sg/asean-business/tight-oil-market-likely-to-fuel-volatility-brent-expected-to-hit-us100-in-2022,The Business Times,Featured on SGInvestors
None (General News),Beng Kuang to acquire stake in A*Star spin-off,07/03/2022,https://www.businesstimes.com.sg/companies-markets/beng-kuang-to-acquire-stake-in-astar-spin-off,The Business Times,Featured on SGInvestors
None (General News),US shale oil and gas producers Oasis and Whiting in talks to merge - source ,07/03/2022,https://www.channelnewsasia.com/business/us-shale-oil-and-gas-producers-oasis-and-whiting-talks-merge-source-2544041,CNA,Featured on SGInvestors
None (General News),Taiwan February exports seen rising for 20th straight month - Reuters Poll,07/03/2022,https://www.channelnewsasia.com/business/taiwan-february-exports-seen-rising-20th-straight-month-reuters-poll-2544031,CNA,Featured on SGInvestors
None (General News),Instant View: China Jan-Feb export growth slows; Ukraine crisis fuels uncertainty,07/03/2022,https://www.channelnewsasia.com/business/instant-view-china-jan-feb-export-growth-slows-ukraine-crisis-fuels-uncertainty-2543971,CNA,Featured on SGInvestors
None (General News),China Jan-Feb trade surplus with US at $59.77 billion,07/03/2022,https://www.channelnewsasia.com/business/china-jan-feb-trade-surplus-us-5977-billion-2543976,CNA,Featured on SGInvestors
None (General News),Brokers' take: Omicron threat draws mixed reactions from analysts covering Dairy Farm,07/03/2022,https://www.businesstimes.com.sg/companies-markets/brokers-take-omicron-threat-draws-mixed-reactions-from-analysts-covering-dairy,The Business Times,Featured on SGInvestors
None (General News),"China Jan-Feb export growth slows, Ukraine crisis poses risk",07/03/2022,https://www.channelnewsasia.com/business/china-jan-feb-export-growth-slows-ukraine-crisis-poses-risk-2543951,CNA,Featured on SGInvestors
None (General News),"China's export growth slows, Ukraine crisis poses risk",07/03/2022,https://www.channelnewsasia.com/asia/chinas-export-growth-slows-ukraine-crisis-poses-risk-2543951,CNA,Featured on SGInvestors
None (General News),China Jan-Feb rare earth exports up 10.8per cent y/y,07/03/2022,https://www.channelnewsasia.com/business/china-jan-feb-rare-earth-exports-108per-cent-yy-2543956,CNA,Featured on SGInvestors
None (General News),"China Jan-Feb meat imports fall 33per cent y/y, hurt by higher domestic output",07/03/2022,https://www.channelnewsasia.com/business/china-jan-feb-meat-imports-fall-33per-cent-yy-hurt-higher-domestic-output-2543961,CNA,Featured on SGInvestors
None (General News),China's soybean imports in Jan-Feb beat market expectations,07/03/2022,https://www.channelnewsasia.com/business/chinas-soybean-imports-jan-feb-beat-market-expectations-2543916,CNA,Featured on SGInvestors
None (General News),China's soybean imports in Jan-Feb rise 4.1per cent from previous year - customs,07/03/2022,https://www.channelnewsasia.com/business/chinas-soybean-imports-jan-feb-rise-41per-cent-previous-year-customs-2543916,CNA,Featured on SGInvestors
None (General News),China's soybean imports in Jan-Feb rise 4.1per cent from previous year,07/03/2022,https://www.channelnewsasia.com/business/chinas-soybean-imports-jan-feb-rise-41per-cent-previous-year-2543916,CNA,Featured on SGInvestors
None (General News),New tripartite standard on how firms should improve well-being of lower-wage workers,07/03/2022,https://www.businesstimes.com.sg/government-economy/new-tripartite-standard-on-how-firms-should-improve-well-being-of-lower-wage,The Business Times,Featured on SGInvestors
None (General News),South Korea to cut transactions with Russia's central bank: Foreign ministry,07/03/2022,https://www.channelnewsasia.com/business/south-korea-cut-transactions-russias-central-bank-foreign-ministry-2543871,CNA,Featured on SGInvestors
None (General News),Shareholders urge Amazon to boost tax transparency - FT,07/03/2022,https://www.channelnewsasia.com/business/shareholders-urge-amazon-boost-tax-transparency-ft-2543831,CNA,Featured on SGInvestors
None (General News),China Jan-Feb exports rise 13.6per cent y/y in yuan terms; imports up 12.9per cent,07/03/2022,https://www.channelnewsasia.com/business/china-jan-feb-exports-rise-136per-cent-yy-yuan-terms-imports-129per-cent-2543821,CNA,Featured on SGInvestors
None (General News),"Japan in talks with US, Europe over banning Russian oil imports - Kyodo",07/03/2022,https://www.channelnewsasia.com/business/japan-talks-us-europe-over-banning-russian-oil-imports-kyodo-2543826,CNA,Featured on SGInvestors
None (General News),China's economy resilient despite uncertainties caused by Ukraine crisis - state planner,07/03/2022,https://www.channelnewsasia.com/business/chinas-economy-resilient-despite-uncertainties-caused-ukraine-crisis-state-planner-2543731,CNA,Featured on SGInvestors
None (General News),China says confident it can ensure energy supply despite serious challenges,07/03/2022,https://www.channelnewsasia.com/business/china-says-confident-it-can-ensure-energy-supply-despite-serious-challenges-2543706,CNA,Featured on SGInvestors
None (General News),"China state planner to step up efforts to stabilise grain, coal prices",07/03/2022,https://www.channelnewsasia.com/business/china-state-planner-step-efforts-stabilise-grain-coal-prices-2543706,CNA,Featured on SGInvestors
None (General News),Hot stocks: Oil plays extend active trading as oil prices surge on tight supply fears,07/03/2022,https://www.businesstimes.com.sg/stocks/hot-stocks-oil-plays-extend-active-trading-as-oil-prices-surge-on-tight-supply-fears,The Business Times,Featured on SGInvestors
None (General News),China's yuan surges to record-high versus major peers,07/03/2022,https://www.channelnewsasia.com/business/chinas-yuan-surges-record-high-versus-major-peers-2543661,CNA,Featured on SGInvestors
None (General News),"China to establish network, data security standards for connected vehicles",07/03/2022,https://www.channelnewsasia.com/business/china-establish-network-data-security-standards-connected-vehicles-2543666,CNA,Featured on SGInvestors
None (General News),KGI keeps 'buy' on Fortress Minerals on the back of rising iron ore prices,07/03/2022,https://www.theedgesingapore.com/news/brokers-calls/kgi-keeps-buy-fortress-minerals-back-rising-iron-ore-prices,The Edge,Featured on SGInvestors
None (General News),Hino shares on track for steepest one-day fall in more than 20 years,07/03/2022,https://www.channelnewsasia.com/business/hino-shares-track-steepest-one-day-fall-more-20-years-2543626,CNA,Featured on SGInvestors
None (General News),"RHB downgrades Dairy Farm International to ""neutral"" with lowered target price of US$2.88",07/03/2022,https://www.theedgesingapore.com/capital/brokers-calls/rhb-downgrades-dairy-farm-international-neutral-lowered-target-price-us288,The Edge,Featured on SGInvestors
None (General News),Beng Kuang acquires 10% stake in IOT Workz,07/03/2022,https://www.theedgesingapore.com/capital/ma/beng-kuang-acquires-10-stake-iot-workz,The Edge,Featured on SGInvestors
None (General News),Mermaid Maritime gets a 'buy' from KGI following higher oil prices,07/03/2022,https://www.theedgesingapore.com/capital/brokers-calls/mermaid-maritime-gets-buy-kgi-following-higher-oil-prices,The Edge,Featured on SGInvestors
None (General News),"IMDA concludes anti-SMS spoofing registry pilot, starts onboarding process",07/03/2022,https://www.businesstimes.com.sg/government-economy/imda-concludes-anti-sms-spoofing-registry-pilot-starts-onboarding-process,The Business Times,Featured on SGInvestors
None (General News),Singapore stocks fall at Monday's open; STI down 0.3%,07/03/2022,https://www.businesstimes.com.sg/stocks/singapore-stocks-fall-at-mondays-open-sti-down-03-0,The Business Times,Featured on SGInvestors
None (General News),"Stocks to watch: Aspen, Shinvest, Don Agro",07/03/2022,https://www.businesstimes.com.sg/stocks/stocks-to-watch-aspen-shinvest-don-agro,The Business Times,Featured on SGInvestors
None (General News),Euro slides as war in Ukraine stokes inflationary shock,07/03/2022,https://www.channelnewsasia.com/business/euro-slides-war-ukraine-stokes-inflationary-shock-2543531,CNA,Featured on SGInvestors
None (General News),SGX RegCo suspends trading of Gazprom's GDR,07/03/2022,https://www.theedgesingapore.com/news/russia-ukraine-crisis/sgx-regco-suspends-trading-gazproms-gdr,The Edge,Featured on SGInvestors
None (General News),"Oil storms higher, stocks and euro dumped ",07/03/2022,https://www.channelnewsasia.com/business/oil-storms-higher-stocks-and-euro-dumped-2543501,CNA,Featured on SGInvestors
None (General News),"Oil surges, shares and euro hit the skids ",07/03/2022,https://www.channelnewsasia.com/business/oil-surges-shares-and-euro-hit-skids-2543501,CNA,Featured on SGInvestors
None (General News),"Oil surges 10per cent in Asia, euro skids as bonds rally",07/03/2022,https://www.channelnewsasia.com/business/oil-surges-10per-cent-asia-euro-skids-bonds-rally-2543501,CNA,Featured on SGInvestors
None (General News),"Oil surges 10per cent in Asia, euro on the ropes",07/03/2022,https://www.channelnewsasia.com/business/oil-surges-10per-cent-asia-euro-ropes-2543501,CNA,Featured on SGInvestors
None (General News),Japan Inc feels the heat over Russia ties as rivals shun Moscow,07/03/2022,https://www.channelnewsasia.com/business/japan-inc-feels-heat-over-russia-ties-rivals-shun-moscow-2543471,CNA,Featured on SGInvestors
None (General News),Commentary: Travel will return with a vengeance as more recover from Omicron,07/03/2022,https://www.channelnewsasia.com/commentary/air-travel-business-return-covid-recovery-aviation-revival-2538721,CNA,Featured on SGInvestors
None (General News),"Green bonds to grow in Asia, but issuers face greater scrutiny, standards",07/03/2022,https://www.businesstimes.com.sg/global-enterprise/green-bonds-to-grow-in-asia-but-issuers-face-greater-scrutiny-standards,The Business Times,Featured on SGInvestors
None (General News),Institutional investors continue to net buy S-Reits,07/03/2022,https://www.businesstimes.com.sg/companies-markets/institutional-investors-continue-to-net-buy-s-reits-0,The Business Times,Featured on SGInvestors
None (General News),Raffles Medical chairman Loo Choon Yong raises stake,07/03/2022,https://www.businesstimes.com.sg/companies-markets/raffles-medical-chairman-loo-choon-yong-raises-stake-0,The Business Times,Featured on SGInvestors
None (General News),"Streamlined entry rules for new construction, shipyard, process staff",07/03/2022,https://www.businesstimes.com.sg/companies-markets/streamlined-entry-rules-for-new-construction-shipyard-process-staff,The Business Times,Featured on SGInvestors
